OFFCHIP_SENSIMOX_SnAu_150_200.0_IN-PHASE;OFFCHIP_SENSIMOX_SnAu_200_200.0_IN-PHASE;OFFCHIP_SENSIMOX_SnAu_250_200.0_IN-PHASE;OFFCHIP_SENSIMOX_SnAu_300_200.0_IN-PHASE;OFFCHIP_SENSIMOX_SnAu_350_200.0_IN-PHASE;OFFCHIP_SENSIMOX_SnAu_400_200.0_IN-PHASE;OFFCHIP_SENSIMOX_SnAu_150_78125.0_IN-PHASE;OFFCHIP_SENSIMOX_SnAu_200_78125.0_IN-PHASE;OFFCHIP_SENSIMOX_SnAu_250_78125.0_IN-PHASE;OFFCHIP_SENSIMOX_SnAu_300_78125.0_IN-PHASE;OFFCHIP_SENSIMOX_SnAu_350_78125.0_IN-PHASE;OFFCHIP_SENSIMOX_SnAu_400_78125.0_IN-PHASE;ONCHIP_ALUMINUM_OXIDE_OUT4_IN-PHASE;ONCHIP_ALUMINUM_OXIDE_OUT4_QUADRATURE;ONCHIP_ALUMINUM_OXIDE_OUT7_IN-PHASE;ONCHIP_ALUMINUM_OXIDE_OUT7_QUADRATURE;Unname;LABEL
1.0;1.0;1.0;1.0;1.0;1.0;1.0;1.0;1.0;1.0;1.0;1.0;1.0;1.0;1.0;1.0;GASOLINE
0.0;40.0;30.0;-10.0;11.0;13.0;0.0;20.0;-20.0;-50.0;2.0;25.0;5.0;-1.0;3.0;-5.0;GASOLINE
20.0;40.0;30.0;70.0;9.0;16.0;0.0;20.0;40.0;-50.0;8.0;25.0;-3.0;-4.0;-6.0;-9.0;GASOLINE
20.0;40.0;60.0;170.0;23.0;37.0;0.0;20.0;40.0;-30.0;19.0;34.0;-4.0;-4.0;-6.0;-9.0;GASOLINE
10.0;-10.0;10.0;30.0;1.0;2.0;20.0;20.0;60.0;110.0;-1.0;-7.0;-8.0;-1.0;-3.0;8.0;GASOLINE
10.0;30.0;30.0;40.0;4.0;3.0;20.0;30.0;50.0;120.0;11.0;0.0;-8.0;1.0;-3.0;4.0;GASOLINE
20.0;80.0;50.0;150.0;13.0;19.0;20.0;30.0;70.0;150.0;16.0;4.0;-5.0;1.0;-3.0;13.0;GASOLINE
60.0;80.0;50.0;130.0;19.0;18.0;20.0;30.0;80.0;130.0;11.0;15.0;-3.0;-5.0;-2.0;9.0;GASOLINE
90.0;110.0;70.0;280.0;31.0;32.0;30.0;70.0;130.0;230.0;26.0;36.0;-1.0;-5.0;-2.0;10.0;GASOLINE
60.0;100.0;70.0;150.0;23.0;30.0;40.0;70.0;100.0;260.0;15.0;23.0;-3.0;-2.0;-2.0;9.0;GASOLINE
90.0;120.0;100.0;180.0;35.0;48.0;80.0;130.0;240.0;380.0;33.0;35.0;1.0;-2.0;-1.0;8.0;GASOLINE
80.0;100.0;70.0;170.0;37.0;50.0;40.0;70.0;120.0;260.0;22.0;25.0;1.0;-2.0;-1.0;8.0;GASOLINE
80.0;90.0;130.0;210.0;41.0;55.0;120.0;140.0;270.0;370.0;32.0;40.0;1.0;-1.0;-1.0;5.0;GASOLINE
90.0;150.0;180.0;340.0;50.0;54.0;40.0;60.0;120.0;220.0;36.0;37.0;1.0;-1.0;-1.0;5.0;GASOLINE
70.0;120.0;150.0;260.0;30.0;46.0;60.0;90.0;220.0;340.0;38.0;38.0;2.0;-1.0;-1.0;5.0;GASOLINE
60.0;80.0;100.0;190.0;29.0;36.0;40.0;40.0;70.0;230.0;18.0;24.0;1.0;1.0;-1.0;7.0;GASOLINE
50.0;80.0;110.0;200.0;33.0;34.0;40.0;50.0;80.0;190.0;15.0;20.0;2.0;1.0;3.0;5.0;GASOLINE
80.0;110.0;140.0;220.0;28.0;24.0;50.0;50.0;150.0;220.0;13.0;7.0;2.0;1.0;-1.0;11.0;GASOLINE
30.0;70.0;90.0;70.0;19.0;14.0;10.0;30.0;60.0;160.0;25.0;21.0;-14.0;1.0;-13.0;-1.0;GASOLINE
70.0;120.0;170.0;200.0;18.0;16.0;80.0;120.0;130.0;180.0;30.0;17.0;-22.0;1.0;-15.0;0.0;GASOLINE
70.0;120.0;180.0;190.0;35.0;33.0;90.0;130.0;140.0;170.0;30.0;32.0;-22.0;1.0;-13.0;1.0;GASOLINE
80.0;160.0;200.0;270.0;42.0;41.0;110.0;170.0;160.0;210.0;23.0;36.0;-16.0;1.0;-11.0;1.0;GASOLINE
80.0;140.0;190.0;290.0;42.0;61.0;100.0;120.0;170.0;260.0;38.0;55.0;-15.0;-1.0;-10.0;7.0;GASOLINE
70.0;120.0;190.0;180.0;44.0;49.0;60.0;90.0;160.0;150.0;25.0;40.0;-15.0;-1.0;-10.0;1.0;GASOLINE
60.0;100.0;200.0;250.0;36.0;49.0;80.0;140.0;170.0;260.0;28.0;28.0;-15.0;7.0;-6.0;1.0;GASOLINE
40.0;90.0;160.0;190.0;29.0;34.0;60.0;60.0;40.0;90.0;24.0;30.0;-15.0;7.0;-4.0;1.0;GASOLINE
70.0;120.0;190.0;210.0;38.0;33.0;50.0;60.0;90.0;130.0;24.0;25.0;-15.0;7.0;-4.0;4.0;GASOLINE
50.0;100.0;130.0;170.0;32.0;48.0;60.0;70.0;90.0;130.0;21.0;29.0;-10.0;5.0;-2.0;5.0;GASOLINE
80.0;140.0;230.0;330.0;55.0;58.0;110.0;150.0;200.0;310.0;48.0;50.0;-15.0;2.0;-4.0;4.0;GASOLINE
130.0;210.0;300.0;480.0;71.0;71.0;70.0;120.0;150.0;270.0;53.0;75.0;-10.0;2.0;-5.0;4.0;GASOLINE
130.0;220.0;370.0;570.0;77.0;85.0;160.0;210.0;280.0;490.0;54.0;76.0;-8.0;2.0;-9.0;0.0;GASOLINE
130.0;240.0;330.0;480.0;68.0;74.0;100.0;150.0;200.0;320.0;57.0;63.0;-8.0;2.0;-5.0;0.0;GASOLINE
110.0;190.0;280.0;450.0;72.0;92.0;150.0;240.0;330.0;390.0;67.0;77.0;-7.0;3.0;-5.0;-1.0;GASOLINE
130.0;220.0;340.0;500.0;84.0;98.0;140.0;200.0;310.0;520.0;71.0;98.0;-7.0;3.0;-3.0;-1.0;GASOLINE
160.0;250.0;410.0;660.0;101.0;127.0;140.0;250.0;320.0;510.0;73.0;97.0;-4.0;3.0;-3.0;0.0;GASOLINE
120.0;210.0;370.0;550.0;90.0;112.0;120.0;160.0;230.0;510.0;73.0;100.0;-4.0;10.0;-2.0;0.0;GASOLINE
160.0;290.0;430.0;620.0;96.0;108.0;170.0;270.0;410.0;580.0;78.0;102.0;-4.0;-3.0;-2.0;0.0;GASOLINE
150.0;240.0;400.0;640.0;100.0;126.0;120.0;180.0;250.0;430.0;63.0;113.0;-11.0;3.0;-4.0;0.0;GASOLINE
140.0;250.0;410.0;650.0;97.0;122.0;130.0;210.0;330.0;520.0;78.0;110.0;-11.0;3.0;-5.0;0.0;GASOLINE
100.0;210.0;330.0;470.0;83.0;109.0;150.0;190.0;320.0;450.0;76.0;94.0;-11.0;3.0;-5.0;0.0;GASOLINE
110.0;220.0;330.0;490.0;81.0;113.0;90.0;160.0;220.0;370.0;73.0;96.0;-14.0;3.0;-5.0;3.0;GASOLINE
170.0;280.0;460.0;740.0;124.0;142.0;170.0;290.0;460.0;630.0;100.0;134.0;-14.0;3.0;-7.0;3.0;GASOLINE
200.0;310.0;510.0;820.0;120.0;151.0;130.0;200.0;290.0;460.0;94.0;138.0;-13.0;2.0;-2.0;5.0;GASOLINE
180.0;310.0;520.0;840.0;121.0;151.0;180.0;280.0;410.0;600.0;89.0;143.0;-11.0;-1.0;-2.0;3.0;GASOLINE
180.0;330.0;500.0;760.0;123.0;138.0;130.0;220.0;300.0;520.0;89.0;141.0;-11.0;1.0;-3.0;3.0;GASOLINE
140.0;240.0;350.0;580.0;90.0;119.0;110.0;200.0;270.0;490.0;79.0;104.0;-8.0;-4.0;-7.0;2.0;GASOLINE
150.0;280.0;450.0;570.0;90.0;104.0;130.0;170.0;230.0;380.0;56.0;86.0;-8.0;-4.0;-3.0;2.0;GASOLINE
150.0;260.0;380.0;560.0;83.0;111.0;170.0;270.0;400.0;480.0;75.0;107.0;-8.0;-1.0;-7.0;2.0;GASOLINE
160.0;260.0;440.0;700.0;105.0;121.0;190.0;300.0;420.0;590.0;80.0;115.0;-12.0;-1.0;-7.0;2.0;GASOLINE
200.0;330.0;530.0;790.0;115.0;136.0;120.0;190.0;310.0;490.0;80.0;118.0;-13.0;-1.0;-5.0;1.0;GASOLINE
160.0;280.0;420.0;680.0;111.0;140.0;120.0;210.0;310.0;480.0;81.0;115.0;-13.0;-1.0;-5.0;1.0;GASOLINE
190.0;310.0;510.0;780.0;110.0;140.0;120.0;180.0;270.0;490.0;79.0;123.0;-13.0;-1.0;-5.0;1.0;GASOLINE
160.0;290.0;410.0;670.0;97.0;132.0;140.0;230.0;310.0;460.0;78.0;112.0;-12.0;7.0;-5.0;1.0;GASOLINE
140.0;250.0;390.0;590.0;98.0;124.0;150.0;220.0;360.0;500.0;82.0;124.0;-13.0;7.0;-5.0;6.0;GASOLINE
160.0;300.0;470.0;700.0;110.0;128.0;130.0;210.0;310.0;430.0;86.0;115.0;-8.0;7.0;-6.0;8.0;GASOLINE
160.0;260.0;420.0;670.0;104.0;123.0;130.0;210.0;270.0;440.0;80.0;102.0;-8.0;7.0;-3.0;9.0;GASOLINE
120.0;240.0;400.0;570.0;92.0;106.0;150.0;260.0;350.0;520.0;78.0;102.0;-9.0;5.0;-6.0;8.0;GASOLINE
150.0;260.0;410.0;640.0;90.0;103.0;180.0;290.0;370.0;520.0;82.0;101.0;-16.0;2.0;-6.0;1.0;GASOLINE
160.0;300.0;420.0;640.0;94.0;118.0;100.0;180.0;260.0;390.0;78.0;106.0;-16.0;1.0;-6.0;1.0;GASOLINE
160.0;260.0;430.0;550.0;92.0;112.0;160.0;300.0;400.0;620.0;80.0;108.0;-16.0;1.0;-6.0;4.0;GASOLINE
150.0;250.0;400.0;650.0;97.0;109.0;110.0;230.0;270.0;470.0;70.0;102.0;-16.0;4.0;-6.0;4.0;GASOLINE
170.0;290.0;430.0;650.0;97.0;130.0;140.0;230.0;340.0;540.0;91.0;119.0;-12.0;6.0;-10.0;7.0;GASOLINE
160.0;300.0;510.0;690.0;105.0;140.0;200.0;310.0;410.0;720.0;95.0;113.0;-7.0;4.0;-4.0;4.0;GASOLINE
180.0;320.0;460.0;640.0;105.0;127.0;170.0;270.0;400.0;570.0;99.0;140.0;-7.0;0.0;-4.0;5.0;GASOLINE
170.0;310.0;440.0;700.0;104.0;124.0;130.0;190.0;230.0;470.0;71.0;104.0;-12.0;0.0;-12.0;3.0;GASOLINE
150.0;290.0;360.0;610.0;92.0;113.0;110.0;180.0;310.0;410.0;68.0;96.0;-14.0;-3.0;-15.0;4.0;GASOLINE
140.0;240.0;400.0;570.0;94.0;115.0;110.0;180.0;240.0;430.0;74.0;116.0;-18.0;-3.0;-15.0;4.0;GASOLINE
140.0;290.0;480.0;690.0;102.0;130.0;110.0;170.0;250.0;470.0;89.0;125.0;-18.0;-3.0;-15.0;0.0;GASOLINE
140.0;250.0;430.0;630.0;101.0;134.0;100.0;180.0;290.0;480.0;83.0;123.0;-14.0;0.0;-8.0;0.0;GASOLINE
180.0;330.0;460.0;710.0;112.0;134.0;150.0;250.0;400.0;570.0;96.0;133.0;-14.0;-4.0;-8.0;0.0;GASOLINE
200.0;330.0;490.0;790.0;119.0;134.0;180.0;300.0;420.0;660.0;106.0;131.0;-14.0;6.0;-8.0;2.0;GASOLINE
160.0;270.0;430.0;790.0;114.0;168.0;140.0;270.0;390.0;620.0;99.0;161.0;-14.0;5.0;-6.0;6.0;GASOLINE
190.0;310.0;520.0;840.0;147.0;177.0;230.0;360.0;540.0;830.0;122.0;192.0;-16.0;0.0;-9.0;7.0;GASOLINE
250.0;440.0;700.0;1130.0;169.0;217.0;240.0;360.0;590.0;900.0;146.0;218.0;-16.0;0.0;-9.0;6.0;GASOLINE
290.0;520.0;860.0;1340.0;210.0;248.0;260.0;430.0;660.0;1050.0;169.0;237.0;-16.0;2.0;-9.0;2.0;GASOLINE
300.0;530.0;870.0;1400.0;216.0;283.0;300.0;490.0;730.0;1170.0;181.0;264.0;-19.0;2.0;-9.0;2.0;GASOLINE
330.0;570.0;940.0;1470.0;236.0;300.0;280.0;490.0;800.0;1340.0;215.0;275.0;-19.0;2.0;-10.0;2.0;GASOLINE
370.0;650.0;1060.0;1630.0;239.0;326.0;330.0;540.0;840.0;1390.0;212.0;311.0;-16.0;2.0;-9.0;3.0;GASOLINE
360.0;600.0;1000.0;1630.0;247.0;318.0;310.0;490.0;800.0;1260.0;209.0;304.0;-18.0;1.0;-9.0;0.0;GASOLINE
350.0;630.0;1020.0;1650.0;254.0;331.0;300.0;510.0;770.0;1210.0;201.0;304.0;-16.0;0.0;-8.0;0.0;GASOLINE
360.0;630.0;1000.0;1650.0;243.0;321.0;340.0;590.0;910.0;1450.0;225.0;322.0;-16.0;0.0;-8.0;0.0;GASOLINE
360.0;590.0;1000.0;1630.0;251.0;323.0;310.0;500.0;780.0;1330.0;210.0;299.0;-14.0;0.0;-8.0;0.0;GASOLINE
380.0;610.0;990.0;1510.0;230.0;320.0;310.0;490.0;730.0;1300.0;206.0;298.0;-14.0;0.0;-8.0;5.0;GASOLINE
360.0;610.0;1040.0;1660.0;246.0;309.0;280.0;500.0;790.0;1300.0;199.0;296.0;-14.0;1.0;-8.0;1.0;GASOLINE
330.0;580.0;940.0;1520.0;233.0;301.0;280.0;470.0;730.0;1210.0;201.0;279.0;-14.0;1.0;-8.0;4.0;GASOLINE
400.0;670.0;1110.0;1620.0;248.0;312.0;320.0;530.0;810.0;1300.0;210.0;292.0;-15.0;1.0;-8.0;3.0;GASOLINE
400.0;630.0;1030.0;1610.0;240.0;324.0;280.0;490.0;790.0;1340.0;212.0;307.0;-15.0;1.0;-8.0;3.0;GASOLINE
410.0;690.0;1060.0;1750.0;267.0;344.0;360.0;600.0;960.0;1520.0;232.0;331.0;-15.0;1.0;-8.0;3.0;GASOLINE
400.0;680.0;1140.0;1760.0;260.0;336.0;310.0;540.0;870.0;1520.0;226.0;319.0;-15.0;2.0;-11.0;6.0;GASOLINE
340.0;620.0;1020.0;1630.0;253.0;326.0;360.0;580.0;910.0;1400.0;219.0;305.0;-16.0;1.0;-11.0;4.0;GASOLINE
330.0;610.0;970.0;1600.0;254.0;346.0;380.0;600.0;980.0;1540.0;235.0;343.0;-16.0;-5.0;-11.0;-1.0;GASOLINE
400.0;700.0;1120.0;1770.0;267.0;344.0;310.0;530.0;840.0;1370.0;220.0;320.0;-16.0;-5.0;-11.0;-1.0;GASOLINE
370.0;620.0;960.0;1620.0;248.0;332.0;330.0;540.0;850.0;1380.0;233.0;321.0;-16.0;-3.0;-10.0;-1.0;GASOLINE
370.0;660.0;1100.0;1680.0;252.0;338.0;330.0;560.0;870.0;1400.0;225.0;307.0;-16.0;-1.0;-8.0;4.0;GASOLINE
380.0;640.0;1050.0;1670.0;253.0;335.0;290.0;490.0;790.0;1290.0;220.0;312.0;-14.0;-3.0;-8.0;4.0;GASOLINE
400.0;700.0;1140.0;1740.0;270.0;359.0;370.0;600.0;950.0;1550.0;229.0;330.0;-11.0;-1.0;-12.0;4.0;GASOLINE
390.0;700.0;1160.0;1800.0;280.0;365.0;340.0;580.0;940.0;1550.0;249.0;349.0;-11.0;5.0;-8.0;3.0;GASOLINE
400.0;640.0;1080.0;1750.0;271.0;360.0;430.0;680.0;1070.0;1630.0;241.0;355.0;-11.0;5.0;-8.0;3.0;GASOLINE
510.0;820.0;1300.0;2000.0;307.0;391.0;380.0;600.0;940.0;1570.0;248.0;357.0;-11.0;11.0;-9.0;3.0;GASOLINE
460.0;790.0;1240.0;1900.0;295.0;389.0;400.0;650.0;1070.0;1600.0;252.0;365.0;-11.0;10.0;-6.0;7.0;GASOLINE
440.0;760.0;1230.0;1930.0;303.0;395.0;410.0;660.0;1040.0;1620.0;253.0;365.0;-11.0;4.0;-6.0;6.0;GASOLINE
440.0;730.0;1250.0;2000.0;300.0;390.0;350.0;600.0;980.0;1650.0;263.0;367.0;-11.0;2.0;-8.0;5.0;GASOLINE
460.0;800.0;1270.0;1980.0;300.0;402.0;390.0;650.0;1060.0;1660.0;269.0;381.0;-17.0;2.0;-8.0;5.0;GASOLINE
460.0;770.0;1220.0;1940.0;288.0;393.0;390.0;650.0;1050.0;1700.0;259.0;365.0;-17.0;1.0;-4.0;4.0;GASOLINE
410.0;710.0;1090.0;1770.0;272.0;364.0;380.0;650.0;990.0;1530.0;251.0;353.0;-17.0;1.0;-6.0;0.0;GASOLINE
410.0;690.0;1130.0;1730.0;274.0;364.0;380.0;640.0;1000.0;1610.0;243.0;355.0;-17.0;-4.0;-6.0;4.0;GASOLINE
440.0;720.0;1170.0;1830.0;282.0;367.0;410.0;630.0;960.0;1530.0;240.0;340.0;-17.0;1.0;-6.0;4.0;GASOLINE
450.0;760.0;1200.0;1880.0;274.0;364.0;400.0;630.0;980.0;1540.0;239.0;335.0;-12.0;1.0;-6.0;5.0;GASOLINE
420.0;710.0;1160.0;1790.0;275.0;359.0;410.0;670.0;1060.0;1660.0;248.0;345.0;-16.0;-4.0;-13.0;4.0;GASOLINE
370.0;620.0;1030.0;1690.0;271.0;335.0;390.0;640.0;950.0;1500.0;227.0;328.0;-17.0;1.0;-13.0;5.0;GASOLINE
420.0;700.0;1130.0;1790.0;263.0;356.0;360.0;590.0;920.0;1500.0;225.0;332.0;-16.0;3.0;-10.0;5.0;GASOLINE
440.0;760.0;1190.0;1860.0;272.0;355.0;410.0;650.0;950.0;1460.0;238.0;326.0;-16.0;1.0;-10.0;-1.0;GASOLINE
440.0;750.0;1200.0;1840.0;285.0;366.0;410.0;640.0;1020.0;1580.0;242.0;340.0;-16.0;1.0;-10.0;5.0;GASOLINE
440.0;750.0;1210.0;1900.0;286.0;366.0;350.0;570.0;930.0;1590.0;249.0;348.0;-17.0;1.0;-10.0;-2.0;GASOLINE
440.0;760.0;1210.0;1960.0;296.0;382.0;360.0;630.0;990.0;1670.0;263.0;364.0;-10.0;1.0;-10.0;-2.0;GASOLINE
470.0;800.0;1300.0;2000.0;306.0;390.0;370.0;620.0;970.0;1610.0;258.0;366.0;-10.0;0.0;-10.0;4.0;GASOLINE
430.0;730.0;1180.0;1940.0;285.0;395.0;400.0;660.0;1060.0;1670.0;261.0;380.0;-10.0;0.0;-7.0;4.0;GASOLINE
450.0;770.0;1240.0;2000.0;297.0;385.0;390.0;640.0;1020.0;1610.0;255.0;370.0;-14.0;-1.0;-10.0;6.0;GASOLINE
460.0;770.0;1240.0;1970.0;300.0;376.0;400.0;660.0;1010.0;1650.0;248.0;362.0;-14.0;0.0;-5.0;6.0;GASOLINE
420.0;740.0;1230.0;1930.0;294.0;375.0;450.0;740.0;1150.0;1740.0;259.0;364.0;-16.0;0.0;-11.0;11.0;GASOLINE
430.0;740.0;1200.0;1880.0;288.0;375.0;390.0;660.0;1040.0;1720.0;261.0;346.0;-16.0;0.0;-5.0;8.0;GASOLINE
430.0;710.0;1180.0;1790.0;283.0;378.0;350.0;590.0;960.0;1510.0;247.0;358.0;-16.0;0.0;-17.0;10.0;GASOLINE
480.0;780.0;1270.0;1970.0;299.0;392.0;400.0;680.0;1060.0;1700.0;267.0;375.0;-19.0;2.0;-6.0;5.0;GASOLINE
460.0;740.0;1170.0;1920.0;291.0;392.0;370.0;620.0;920.0;1570.0;242.0;349.0;-19.0;2.0;-6.0;5.0;GASOLINE
430.0;710.0;1120.0;1780.0;275.0;363.0;410.0;680.0;1070.0;1700.0;255.0;383.0;-11.0;6.0;-6.0;8.0;GASOLINE
450.0;750.0;1220.0;1930.0;283.0;373.0;410.0;690.0;1080.0;1720.0;246.0;342.0;-19.0;12.0;-6.0;8.0;GASOLINE
420.0;730.0;1160.0;1800.0;285.0;359.0;340.0;610.0;930.0;1570.0;237.0;350.0;-11.0;13.0;-6.0;11.0;GASOLINE
370.0;650.0;1100.0;1720.0;271.0;360.0;380.0;640.0;1010.0;1550.0;239.0;353.0;-10.0;12.0;-6.0;8.0;GASOLINE
430.0;730.0;1170.0;1890.0;273.0;370.0;440.0;680.0;1060.0;1650.0;254.0;367.0;-10.0;10.0;-7.0;7.0;GASOLINE
470.0;760.0;1270.0;1980.0;298.0;382.0;430.0;680.0;1080.0;1690.0;260.0;366.0;-18.0;-2.0;-7.0;7.0;GASOLINE
430.0;740.0;1200.0;1940.0;294.0;401.0;380.0;610.0;1020.0;1600.0;247.0;382.0;-15.0;-2.0;-7.0;7.0;GASOLINE
490.0;810.0;1310.0;2080.0;303.0;413.0;430.0;710.0;1130.0;1870.0;273.0;393.0;-15.0;-2.0;-7.0;7.0;GASOLINE
490.0;830.0;1350.0;2140.0;328.0;430.0;470.0;750.0;1190.0;1850.0;286.0;420.0;-15.0;-2.0;-9.0;7.0;GASOLINE
490.0;810.0;1350.0;2110.0;325.0;448.0;480.0;780.0;1310.0;1990.0;298.0;428.0;-6.0;2.0;-9.0;9.0;GASOLINE
530.0;900.0;1440.0;2260.0;344.0;452.0;440.0;750.0;1200.0;1910.0;308.0;435.0;-6.0;4.0;-14.0;7.0;GASOLINE
540.0;890.0;1410.0;2230.0;337.0;452.0;470.0;780.0;1200.0;1890.0;291.0;431.0;-6.0;2.0;-9.0;5.0;GASOLINE
450.0;750.0;1230.0;1970.0;295.0;399.0;440.0;710.0;1140.0;1730.0;256.0;373.0;-12.0;2.0;-12.0;5.0;GASOLINE
370.0;600.0;1010.0;1650.0;264.0;359.0;440.0;750.0;1120.0;1750.0;260.0;374.0;-12.0;2.0;-12.0;3.0;GASOLINE
430.0;690.0;1140.0;1810.0;281.0;385.0;400.0;670.0;1080.0;1710.0;263.0;360.0;-12.0;2.0;-8.0;4.0;GASOLINE
400.0;700.0;1100.0;1800.0;270.0;359.0;430.0;680.0;1070.0;1670.0;255.0;357.0;-8.0;2.0;-8.0;3.0;GASOLINE
420.0;700.0;1130.0;1810.0;268.0;376.0;350.0;600.0;940.0;1610.0;243.0;346.0;-8.0;2.0;-3.0;4.0;GASOLINE
440.0;710.0;1130.0;1730.0;270.0;360.0;380.0;640.0;990.0;1520.0;231.0;338.0;-8.0;2.0;-3.0;15.0;GASOLINE
410.0;680.0;1120.0;1780.0;268.0;362.0;410.0;670.0;1050.0;1730.0;244.0;352.0;-10.0;2.0;-12.0;9.0;GASOLINE
390.0;680.0;1140.0;1800.0;275.0;359.0;340.0;560.0;900.0;1530.0;235.0;333.0;-15.0;2.0;-13.0;13.0;GASOLINE
430.0;720.0;1160.0;1830.0;279.0;363.0;390.0;650.0;980.0;1550.0;234.0;336.0;-15.0;1.0;-12.0;15.0;GASOLINE
390.0;680.0;1130.0;1860.0;279.0;366.0;370.0;610.0;1000.0;1500.0;238.0;343.0;-15.0;2.0;-12.0;7.0;GASOLINE
410.0;700.0;1100.0;1740.0;262.0;355.0;380.0;660.0;1030.0;1650.0;243.0;354.0;-15.0;1.0;-6.0;6.0;GASOLINE
430.0;740.0;1180.0;1860.0;281.0;367.0;380.0;610.0;1000.0;1600.0;243.0;348.0;-15.0;1.0;-6.0;7.0;GASOLINE
400.0;670.0;1070.0;1660.0;267.0;346.0;410.0;660.0;1050.0;1610.0;242.0;328.0;-10.0;1.0;-2.0;6.0;GASOLINE
380.0;640.0;1010.0;1590.0;257.0;352.0;380.0;630.0;980.0;1650.0;255.0;346.0;-15.0;1.0;-6.0;8.0;GASOLINE
410.0;700.0;1140.0;1710.0;273.0;366.0;400.0;660.0;1050.0;1680.0;246.0;359.0;-15.0;1.0;-7.0;8.0;GASOLINE
420.0;720.0;1160.0;1900.0;279.0;375.0;370.0;630.0;960.0;1580.0;233.0;354.0;-18.0;0.0;-12.0;9.0;GASOLINE
480.0;790.0;1220.0;1930.0;293.0;390.0;370.0;620.0;1010.0;1610.0;267.0;355.0;-18.0;-1.0;-12.0;8.0;GASOLINE
430.0;740.0;1180.0;1850.0;280.0;374.0;420.0;670.0;1060.0;1630.0;253.0;356.0;-18.0;-1.0;-12.0;8.0;GASOLINE
490.0;790.0;1280.0;1990.0;294.0;396.0;430.0;720.0;1110.0;1670.0;271.0;371.0;-11.0;-1.0;-12.0;5.0;GASOLINE
430.0;730.0;1170.0;1850.0;289.0;389.0;460.0;730.0;1110.0;1750.0;275.0;371.0;-15.0;-1.0;-10.0;2.0;GASOLINE
420.0;710.0;1140.0;1830.0;285.0;398.0;410.0;680.0;1090.0;1740.0;274.0;371.0;-12.0;0.0;-7.0;5.0;GASOLINE
470.0;820.0;1300.0;2020.0;308.0;393.0;390.0;640.0;1030.0;1690.0;270.0;367.0;-12.0;3.0;-6.0;9.0;GASOLINE
460.0;780.0;1250.0;1990.0;299.0;401.0;390.0;650.0;1030.0;1690.0;265.0;369.0;-12.0;6.0;-6.0;13.0;GASOLINE
450.0;770.0;1200.0;1900.0;296.0;370.0;370.0;650.0;940.0;1560.0;241.0;347.0;-14.0;3.0;-7.0;9.0;GASOLINE
430.0;720.0;1130.0;1790.0;272.0;370.0;380.0;590.0;950.0;1580.0;236.0;345.0;-12.0;5.0;-5.0;12.0;GASOLINE
360.0;620.0;1020.0;1640.0;259.0;353.0;390.0;650.0;1010.0;1560.0;237.0;325.0;-12.0;3.0;-5.0;6.0;GASOLINE
430.0;710.0;1100.0;1720.0;254.0;343.0;340.0;520.0;810.0;1360.0;220.0;318.0;-12.0;4.0;-8.0;5.0;GASOLINE
390.0;650.0;1060.0;1640.0;248.0;330.0;340.0;560.0;890.0;1370.0;224.0;316.0;-15.0;5.0;-11.0;6.0;GASOLINE
380.0;640.0;1030.0;1570.0;252.0;322.0;330.0;540.0;840.0;1390.0;214.0;312.0;-14.0;4.0;-11.0;5.0;GASOLINE
400.0;660.0;1050.0;1700.0;252.0;336.0;410.0;690.0;990.0;1530.0;229.0;307.0;-14.0;5.0;-11.0;2.0;GASOLINE
410.0;700.0;1100.0;1750.0;250.0;339.0;360.0;580.0;890.0;1460.0;228.0;325.0;-14.0;5.0;-11.0;1.0;GASOLINE
360.0;610.0;1000.0;1600.0;239.0;321.0;360.0;610.0;950.0;1460.0;212.0;293.0;-14.0;8.0;-12.0;2.0;GASOLINE
290.0;500.0;790.0;1310.0;205.0;278.0;290.0;490.0;750.0;1170.0;180.0;268.0;-14.0;4.0;-10.0;2.0;GASOLINE
280.0;470.0;750.0;1220.0;189.0;274.0;310.0;490.0;780.0;1200.0;194.0;266.0;-14.0;4.0;-9.0;5.0;GASOLINE
340.0;550.0;880.0;1420.0;217.0;295.0;290.0;440.0;690.0;1160.0;191.0;286.0;-14.0;8.0;-9.0;5.0;GASOLINE
390.0;630.0;1020.0;1580.0;241.0;315.0;370.0;600.0;920.0;1340.0;201.0;303.0;-14.0;3.0;-10.0;7.0;GASOLINE
370.0;620.0;1030.0;1580.0;242.0;321.0;310.0;550.0;810.0;1260.0;219.0;310.0;-14.0;3.0;-10.0;5.0;GASOLINE
350.0;620.0;990.0;1530.0;242.0;329.0;390.0;640.0;930.0;1400.0;208.0;302.0;-14.0;1.0;-10.0;2.0;GASOLINE
390.0;630.0;1040.0;1640.0;254.0;334.0;360.0;610.0;940.0;1460.0;210.0;302.0;-14.0;1.0;-14.0;2.0;GASOLINE
380.0;640.0;1090.0;1670.0;261.0;331.0;380.0;640.0;930.0;1410.0;222.0;309.0;-19.0;0.0;-15.0;1.0;GASOLINE
350.0;610.0;990.0;1510.0;237.0;318.0;380.0;600.0;900.0;1380.0;206.0;294.0;-19.0;1.0;-14.0;2.0;GASOLINE
360.0;580.0;980.0;1500.0;231.0;316.0;350.0;580.0;930.0;1450.0;223.0;306.0;-21.0;1.0;-15.0;2.0;GASOLINE
410.0;670.0;1040.0;1640.0;254.0;334.0;340.0;570.0;900.0;1450.0;230.0;319.0;-23.0;0.0;-14.0;2.0;GASOLINE
390.0;660.0;1080.0;1710.0;262.0;354.0;380.0;650.0;1020.0;1570.0;224.0;336.0;-21.0;0.0;-12.0;1.0;GASOLINE
410.0;690.0;1080.0;1730.0;267.0;349.0;330.0;570.0;850.0;1410.0;227.0;312.0;-17.0;-1.0;-10.0;2.0;GASOLINE
380.0;630.0;1010.0;1620.0;235.0;328.0;330.0;540.0;830.0;1360.0;216.0;306.0;-17.0;-1.0;-10.0;3.0;GASOLINE
330.0;580.0;910.0;1450.0;219.0;303.0;330.0;530.0;850.0;1250.0;199.0;275.0;-16.0;-1.0;-10.0;1.0;GASOLINE
270.0;460.0;730.0;1130.0;177.0;245.0;300.0;490.0;760.0;1110.0;169.0;237.0;-13.0;-1.0;-12.0;3.0;GASOLINE
250.0;400.0;660.0;1050.0;169.0;222.0;270.0;400.0;650.0;1080.0;165.0;222.0;-13.0;4.0;-8.0;3.0;GASOLINE
250.0;420.0;700.0;1100.0;173.0;236.0;260.0;430.0;670.0;1040.0;157.0;219.0;-13.0;5.0;-8.0;-2.0;GASOLINE
270.0;470.0;740.0;1130.0;182.0;259.0;310.0;540.0;840.0;1250.0;178.0;256.0;-13.0;-1.0;-5.0;-2.0;GASOLINE
320.0;550.0;900.0;1450.0;226.0;303.0;320.0;550.0;880.0;1410.0;222.0;301.0;-12.0;5.0;-5.0;0.0;GASOLINE
390.0;660.0;1080.0;1730.0;252.0;350.0;370.0;630.0;990.0;1560.0;239.0;332.0;-11.0;0.0;-5.0;0.0;GASOLINE
420.0;690.0;1160.0;1840.0;280.0;367.0;310.0;540.0;880.0;1550.0;235.0;352.0;-11.0;0.0;-5.0;1.0;GASOLINE
450.0;750.0;1240.0;1970.0;299.0;388.0;390.0;640.0;1050.0;1730.0;260.0;376.0;-11.0;6.0;-5.0;3.0;GASOLINE
460.0;770.0;1230.0;2020.0;301.0;406.0;380.0;640.0;1070.0;1750.0;269.0;381.0;-12.0;6.0;-4.0;3.0;GASOLINE
490.0;830.0;1360.0;2080.0;321.0;422.0;430.0;700.0;1120.0;1810.0;278.0;404.0;-10.0;7.0;-6.0;1.0;GASOLINE
480.0;790.0;1290.0;2060.0;331.0;437.0;400.0;670.0;1040.0;1730.0;271.0;418.0;-14.0;4.0;-7.0;1.0;GASOLINE
510.0;850.0;1390.0;2180.0;346.0;466.0;420.0;710.0;1100.0;1830.0;301.0;440.0;-10.0;4.0;-10.0;-1.0;GASOLINE
480.0;820.0;1350.0;2190.0;349.0;476.0;470.0;750.0;1230.0;1940.0;318.0;439.0;-15.0;0.0;-10.0;-3.0;GASOLINE
500.0;850.0;1410.0;2260.0;347.0;480.0;480.0;810.0;1280.0;2140.0;331.0;477.0;-15.0;0.0;-10.0;-3.0;GASOLINE
570.0;960.0;1590.0;2510.0;386.0;523.0;520.0;860.0;1440.0;2340.0;352.0;503.0;-20.0;1.0;-10.0;-3.0;GASOLINE
590.0;1030.0;1660.0;2640.0;413.0;546.0;520.0;900.0;1370.0;2280.0;363.0;522.0;-20.0;1.0;-10.0;-3.0;GASOLINE
630.0;1060.0;1740.0;2800.0;427.0;549.0;520.0;870.0;1370.0;2310.0;359.0;538.0;-20.0;2.0;-10.0;2.0;GASOLINE
610.0;1060.0;1720.0;2800.0;429.0;574.0;560.0;920.0;1510.0;2520.0;382.0;555.0;-20.0;8.0;-14.0;2.0;GASOLINE
650.0;1070.0;1760.0;2940.0;451.0;621.0;600.0;990.0;1630.0;2670.0;421.0;601.0;-19.0;10.0;-15.0;0.0;GASOLINE
740.0;1250.0;2050.0;3330.0;512.0;673.0;640.0;1060.0;1790.0;2890.0;448.0;648.0;-12.0;4.0;-14.0;-2.0;GASOLINE
800.0;1360.0;2250.0;3680.0;567.0;749.0;680.0;1180.0;1950.0;3260.0;503.0;724.0;-12.0;4.0;-12.0;0.0;GASOLINE
870.0;1480.0;2470.0;3970.0;610.0;813.0;840.0;1370.0;2230.0;3660.0;560.0;780.0;-16.0;6.0;-12.0;0.0;GASOLINE
960.0;1630.0;2700.0;4370.0;666.0;890.0;870.0;1420.0;2350.0;3790.0;601.0;858.0;-16.0;6.0;-12.0;7.0;GASOLINE
1060.0;1790.0;2920.0;4710.0;722.0;921.0;880.0;1510.0;2480.0;4120.0;622.0;899.0;-19.0;7.0;-12.0;8.0;GASOLINE
1060.0;1790.0;3010.0;4900.0;736.0;976.0;960.0;1620.0;2660.0;4300.0;667.0;946.0;-19.0;3.0;-11.0;8.0;GASOLINE
1170.0;1950.0;3230.0;5170.0;785.0;1024.0;980.0;1650.0;2660.0;4430.0;683.0;983.0;-16.0;3.0;-12.0;9.0;GASOLINE
1180.0;1970.0;3230.0;5260.0;790.0;1044.0;990.0;1680.0;2750.0;4520.0;701.0;990.0;-14.0;2.0;-11.0;8.0;GASOLINE
1230.0;2060.0;3320.0;5360.0;816.0;1065.0;1060.0;1760.0;2820.0;4570.0;721.0;1022.0;-14.0;2.0;-10.0;8.0;GASOLINE
1230.0;2060.0;3370.0;5470.0;814.0;1094.0;1090.0;1810.0;2920.0;4810.0;741.0;1059.0;-7.0;1.0;-6.0;2.0;GASOLINE
1240.0;2070.0;3390.0;5500.0;836.0;1098.0;1100.0;1830.0;2970.0;4770.0;736.0;1056.0;-14.0;-2.0;-3.0;-1.0;GASOLINE
1290.0;2150.0;3480.0;5660.0;857.0;1141.0;1130.0;1850.0;3040.0;4810.0;765.0;1079.0;-14.0;1.0;1.0;-1.0;GASOLINE
1330.0;2220.0;3610.0;5890.0;878.0;1163.0;1110.0;1900.0;3150.0;5130.0;803.0;1122.0;-14.0;0.0;1.0;2.0;GASOLINE
1380.0;2290.0;3740.0;6150.0;912.0;1195.0;1180.0;1970.0;3170.0;5240.0;802.0;1150.0;-11.0;0.0;-4.0;2.0;GASOLINE
1420.0;2390.0;3870.0;6180.0;938.0;1245.0;1190.0;2050.0;3310.0;5400.0;833.0;1186.0;-11.0;3.0;-4.0;0.0;GASOLINE
1410.0;2360.0;3910.0;6340.0;951.0;1257.0;1270.0;2150.0;3530.0;5720.0;862.0;1216.0;-11.0;3.0;-12.0;2.0;GASOLINE
1480.0;2450.0;4060.0;6520.0;983.0;1283.0;1360.0;2220.0;3640.0;5750.0;883.0;1252.0;-15.0;3.0;-12.0;3.0;GASOLINE
1520.0;2550.0;4240.0;6680.0;996.0;1306.0;1300.0;2170.0;3520.0;5670.0;892.0;1259.0;-12.0;1.0;-7.0;1.0;GASOLINE
1570.0;2580.0;4210.0;6740.0;1012.0;1338.0;1360.0;2230.0;3640.0;5900.0;890.0;1272.0;-12.0;1.0;-7.0;1.0;GASOLINE
1540.0;2590.0;4250.0;6790.0;1014.0;1352.0;1370.0;2240.0;3680.0;5910.0;902.0;1288.0;-14.0;1.0;-7.0;1.0;GASOLINE
1580.0;2650.0;4320.0;6930.0;1026.0;1365.0;1380.0;2300.0;3770.0;6050.0;940.0;1312.0;-12.0;1.0;-7.0;1.0;GASOLINE
1630.0;2700.0;4420.0;7040.0;1059.0;1393.0;1450.0;2430.0;3910.0;6230.0;942.0;1340.0;-12.0;1.0;-7.0;1.0;GASOLINE
1640.0;2720.0;4420.0;7100.0;1075.0;1417.0;1440.0;2370.0;3890.0;6210.0;954.0;1363.0;-11.0;1.0;-4.0;-1.0;GASOLINE
1670.0;2760.0;4480.0;7130.0;1063.0;1420.0;1530.0;2550.0;4070.0;6390.0;975.0;1381.0;-14.0;1.0;-4.0;-1.0;GASOLINE
1730.0;2860.0;4650.0;7330.0;1107.0;1450.0;1610.0;2610.0;4200.0;6620.0;1010.0;1416.0;-16.0;0.0;-4.0;-1.0;GASOLINE
1770.0;2900.0;4780.0;7550.0;1115.0;1476.0;1600.0;2580.0;4190.0;6770.0;1017.0;1427.0;-16.0;3.0;-1.0;1.0;GASOLINE
1730.0;2880.0;4690.0;7520.0;1115.0;1489.0;1540.0;2540.0;4080.0;6570.0;1006.0;1416.0;-15.0;2.0;-1.0;1.0;GASOLINE
1780.0;2940.0;4730.0;7660.0;1143.0;1502.0;1540.0;2570.0;4110.0;6650.0;1024.0;1454.0;-15.0;2.0;-1.0;1.0;GASOLINE
1800.0;2980.0;4770.0;7620.0;1143.0;1495.0;1530.0;2570.0;4110.0;6680.0;1020.0;1444.0;-15.0;0.0;-1.0;1.0;GASOLINE
1770.0;2940.0;4740.0;7560.0;1125.0;1487.0;1600.0;2610.0;4180.0;6690.0;1028.0;1440.0;-15.0;3.0;-7.0;1.0;GASOLINE
1770.0;2920.0;4740.0;7530.0;1138.0;1482.0;1600.0;2610.0;4210.0;6640.0;1006.0;1425.0;-16.0;2.0;-7.0;1.0;GASOLINE
1760.0;2890.0;4770.0;7610.0;1133.0;1505.0;1660.0;2720.0;4340.0;6800.0;1031.0;1453.0;-16.0;3.0;-7.0;-7.0;GASOLINE
1830.0;3000.0;4830.0;7760.0;1147.0;1517.0;1630.0;2630.0;4230.0;6810.0;1028.0;1461.0;-16.0;4.0;-7.0;-7.0;GASOLINE
1840.0;3040.0;4900.0;7720.0;1153.0;1544.0;1610.0;2630.0;4190.0;6740.0;1039.0;1481.0;-14.0;6.0;-5.0;-4.0;GASOLINE
1820.0;3000.0;4850.0;7710.0;1154.0;1526.0;1680.0;2740.0;4420.0;6960.0;1053.0;1470.0;-12.0;4.0;-5.0;-1.0;GASOLINE
1870.0;3090.0;4980.0;7960.0;1190.0;1546.0;1690.0;2780.0;4480.0;7080.0;1072.0;1480.0;-11.0;4.0;-3.0;-1.0;GASOLINE
1830.0;3000.0;4880.0;7770.0;1176.0;1551.0;1670.0;2750.0;4420.0;7050.0;1066.0;1502.0;-12.0;0.0;-5.0;0.0;GASOLINE
1890.0;3070.0;4940.0;7910.0;1174.0;1566.0;1800.0;2900.0;4640.0;7200.0;1077.0;1507.0;-11.0;-1.0;-5.0;0.0;GASOLINE
1850.0;3060.0;4950.0;7860.0;1173.0;1555.0;1660.0;2720.0;4380.0;7000.0;1054.0;1502.0;-11.0;-3.0;-5.0;0.0;GASOLINE
1900.0;3120.0;5110.0;8070.0;1195.0;1591.0;1770.0;2890.0;4580.0;7120.0;1088.0;1531.0;-9.0;0.0;-2.0;1.0;GASOLINE
1950.0;3180.0;5110.0;8160.0;1219.0;1587.0;1700.0;2790.0;4490.0;7140.0;1086.0;1537.0;-10.0;-3.0;-3.0;1.0;GASOLINE
1950.0;3170.0;5100.0;8160.0;1220.0;1606.0;1790.0;2900.0;4720.0;7420.0;1118.0;1545.0;-10.0;-4.0;-3.0;2.0;GASOLINE
1970.0;3190.0;5180.0;8240.0;1218.0;1604.0;1830.0;2930.0;4670.0;7390.0;1118.0;1543.0;-10.0;-3.0;-3.0;1.0;GASOLINE
1980.0;3200.0;5170.0;8160.0;1225.0;1616.0;1760.0;2890.0;4560.0;7280.0;1115.0;1557.0;-10.0;-5.0;-4.0;2.0;GASOLINE
1970.0;3250.0;5230.0;8190.0;1236.0;1630.0;1880.0;3040.0;4810.0;7580.0;1130.0;1580.0;-10.0;-5.0;-4.0;-5.0;GASOLINE
2020.0;3260.0;5350.0;8370.0;1250.0;1635.0;1800.0;2930.0;4670.0;7400.0;1116.0;1563.0;-11.0;-3.0;-7.0;4.0;GASOLINE
2020.0;3300.0;5270.0;8330.0;1224.0;1626.0;1830.0;2960.0;4770.0;7420.0;1108.0;1561.0;-11.0;1.0;-7.0;-3.0;GASOLINE
1980.0;3280.0;5250.0;8280.0;1230.0;1630.0;1770.0;2870.0;4610.0;7400.0;1115.0;1566.0;-12.0;-2.0;-4.0;4.0;GASOLINE
2030.0;3320.0;5320.0;8450.0;1239.0;1644.0;1850.0;2970.0;4720.0;7530.0;1139.0;1596.0;-13.0;1.0;-6.0;-3.0;GASOLINE
2070.0;3380.0;5380.0;8430.0;1248.0;1637.0;1890.0;3100.0;4860.0;7680.0;1138.0;1588.0;-13.0;-2.0;-6.0;-2.0;GASOLINE
2080.0;3350.0;5380.0;8520.0;1264.0;1658.0;1840.0;2980.0;4790.0;7510.0;1140.0;1593.0;-12.0;-2.0;-4.0;-2.0;GASOLINE
2060.0;3400.0;5410.0;8470.0;1264.0;1652.0;1860.0;2990.0;4760.0;7520.0;1147.0;1587.0;-12.0;-2.0;-4.0;-2.0;GASOLINE
2050.0;3320.0;5410.0;8480.0;1247.0;1657.0;1930.0;3100.0;4910.0;7730.0;1140.0;1603.0;-13.0;1.0;-6.0;-2.0;GASOLINE
2070.0;3400.0;5420.0;8510.0;1261.0;1673.0;1870.0;3030.0;4830.0;7540.0;1132.0;1602.0;-7.0;0.0;-8.0;-2.0;GASOLINE
2130.0;3430.0;5500.0;8580.0;1261.0;1663.0;1920.0;3110.0;4970.0;7760.0;1148.0;1608.0;-12.0;1.0;-8.0;-3.0;GASOLINE
2080.0;3370.0;5390.0;8460.0;1263.0;1671.0;1870.0;3020.0;4870.0;7680.0;1151.0;1624.0;-12.0;1.0;-8.0;-3.0;GASOLINE
2130.0;3440.0;5510.0;8650.0;1263.0;1676.0;1880.0;3060.0;4900.0;7770.0;1156.0;1616.0;-12.0;0.0;-8.0;2.0;GASOLINE
2120.0;3450.0;5460.0;8610.0;1263.0;1669.0;1900.0;3130.0;4950.0;7680.0;1157.0;1613.0;-12.0;0.0;-8.0;0.0;GASOLINE
2110.0;3360.0;5470.0;8570.0;1267.0;1670.0;1880.0;3010.0;4810.0;7490.0;1146.0;1594.0;-12.0;5.0;-6.0;0.0;GASOLINE
2120.0;3400.0;5460.0;8500.0;1257.0;1659.0;1870.0;3020.0;4780.0;7590.0;1149.0;1599.0;-12.0;2.0;-8.0;2.0;GASOLINE
2080.0;3370.0;5410.0;8570.0;1272.0;1678.0;1980.0;3170.0;5000.0;7720.0;1167.0;1616.0;-13.0;8.0;-11.0;1.0;GASOLINE
2120.0;3440.0;5490.0;8620.0;1269.0;1671.0;1890.0;3060.0;4850.0;7610.0;1147.0;1615.0;-13.0;6.0;-11.0;1.0;GASOLINE
2070.0;3380.0;5440.0;8590.0;1267.0;1661.0;1900.0;3050.0;4830.0;7570.0;1142.0;1609.0;-13.0;3.0;-14.0;1.0;GASOLINE
2090.0;3390.0;5420.0;8510.0;1272.0;1666.0;1950.0;3140.0;4920.0;7610.0;1151.0;1600.0;-21.0;2.0;-15.0;1.0;GASOLINE
2130.0;3460.0;5430.0;8600.0;1276.0;1687.0;2030.0;3270.0;5160.0;8020.0;1173.0;1647.0;-21.0;1.0;-15.0;1.0;GASOLINE
2160.0;3510.0;5520.0;8700.0;1287.0;1699.0;1920.0;3090.0;4940.0;7740.0;1180.0;1635.0;-12.0;1.0;-15.0;-4.0;GASOLINE
2130.0;3480.0;5530.0;8700.0;1294.0;1716.0;2030.0;3230.0;5180.0;7990.0;1183.0;1671.0;-19.0;3.0;-13.0;-7.0;GASOLINE
2200.0;3570.0;5660.0;8800.0;1302.0;1714.0;1980.0;3190.0;5020.0;7920.0;1201.0;1660.0;-12.0;0.0;-6.0;-4.0;GASOLINE
2170.0;3510.0;5590.0;8850.0;1305.0;1724.0;2040.0;3270.0;5220.0;8040.0;1195.0;1659.0;-12.0;0.0;-6.0;0.0;GASOLINE
2210.0;3580.0;5660.0;8880.0;1312.0;1727.0;2060.0;3290.0;5230.0;8100.0;1206.0;1673.0;-15.0;3.0;-8.0;0.0;GASOLINE
2180.0;3540.0;5640.0;8810.0;1301.0;1730.0;2060.0;3320.0;5150.0;8080.0;1195.0;1670.0;-19.0;3.0;-8.0;2.0;GASOLINE
2210.0;3560.0;5660.0;8930.0;1310.0;1731.0;2010.0;3210.0;5080.0;7970.0;1214.0;1680.0;-15.0;4.0;-8.0;2.0;GASOLINE
2220.0;3560.0;5680.0;8980.0;1319.0;1752.0;2050.0;3320.0;5200.0;8070.0;1201.0;1686.0;-15.0;6.0;-8.0;0.0;GASOLINE
2210.0;3600.0;5730.0;8950.0;1320.0;1737.0;2060.0;3290.0;5180.0;8030.0;1208.0;1704.0;-13.0;4.0;-8.0;-1.0;GASOLINE
2240.0;3590.0;5670.0;8930.0;1326.0;1753.0;2050.0;3310.0;5230.0;8170.0;1219.0;1703.0;-13.0;9.0;-7.0;-1.0;GASOLINE
2250.0;3620.0;5740.0;8920.0;1327.0;1751.0;2050.0;3280.0;5200.0;8120.0;1223.0;1690.0;-6.0;4.0;-4.0;-1.0;GASOLINE
2240.0;3600.0;5740.0;9070.0;1342.0;1774.0;2090.0;3350.0;5300.0;8270.0;1235.0;1715.0;-13.0;-1.0;-7.0;-2.0;GASOLINE
2220.0;3610.0;5780.0;8940.0;1312.0;1758.0;2140.0;3370.0;5300.0;8260.0;1222.0;1695.0;-13.0;-1.0;-4.0;-2.0;GASOLINE
2220.0;3570.0;5690.0;8940.0;1335.0;1761.0;2060.0;3310.0;5250.0;8110.0;1213.0;1690.0;-17.0;-1.0;-7.0;-3.0;GASOLINE
2230.0;3580.0;5680.0;8870.0;1312.0;1744.0;2130.0;3370.0;5360.0;8230.0;1216.0;1713.0;-13.0;-1.0;-9.0;-3.0;GASOLINE
2250.0;3640.0;5770.0;8960.0;1330.0;1743.0;2110.0;3370.0;5350.0;8290.0;1224.0;1704.0;-16.0;2.0;-9.0;-3.0;GASOLINE
2250.0;3610.0;5750.0;9040.0;1329.0;1758.0;2020.0;3230.0;5120.0;8020.0;1201.0;1699.0;-16.0;3.0;-5.0;-2.0;GASOLINE
2230.0;3610.0;5750.0;9070.0;1337.0;1751.0;2020.0;3230.0;5040.0;7960.0;1201.0;1689.0;-14.0;2.0;-13.0;-2.0;GASOLINE
2240.0;3630.0;5800.0;9090.0;1326.0;1767.0;2010.0;3250.0;5210.0;8090.0;1226.0;1721.0;-14.0;2.0;-13.0;-2.0;GASOLINE
2270.0;3670.0;5840.0;9070.0;1338.0;1778.0;2160.0;3450.0;5400.0;8420.0;1229.0;1719.0;-14.0;2.0;-5.0;-5.0;GASOLINE
2300.0;3690.0;5910.0;9190.0;1343.0;1779.0;2100.0;3360.0;5260.0;8350.0;1244.0;1741.0;-10.0;2.0;-5.0;-5.0;GASOLINE
2290.0;3700.0;5880.0;9180.0;1348.0;1793.0;2120.0;3400.0;5350.0;8210.0;1239.0;1739.0;-11.0;1.0;-8.0;-5.0;GASOLINE
2320.0;3740.0;5880.0;9140.0;1367.0;1786.0;2120.0;3410.0;5380.0;8420.0;1243.0;1746.0;-11.0;1.0;-1.0;-5.0;GASOLINE
2300.0;3700.0;5910.0;9160.0;1365.0;1796.0;2180.0;3430.0;5390.0;8310.0;1244.0;1739.0;-11.0;1.0;-1.0;-8.0;GASOLINE
2330.0;3710.0;5920.0;9200.0;1359.0;1815.0;2130.0;3390.0;5360.0;8360.0;1248.0;1745.0;-11.0;5.0;-1.0;-4.0;GASOLINE
2360.0;3770.0;5960.0;9280.0;1357.0;1804.0;2180.0;3470.0;5440.0;8490.0;1257.0;1746.0;-11.0;6.0;-2.0;-4.0;GASOLINE
2320.0;3720.0;5910.0;9170.0;1369.0;1822.0;2100.0;3380.0;5310.0;8430.0;1264.0;1779.0;-11.0;6.0;-2.0;-11.0;GASOLINE
2330.0;3750.0;5980.0;9370.0;1374.0;1810.0;2100.0;3360.0;5330.0;8380.0;1271.0;1768.0;-11.0;6.0;-3.0;-7.0;GASOLINE
2360.0;3760.0;5990.0;9230.0;1370.0;1808.0;2070.0;3320.0;5230.0;8180.0;1248.0;1752.0;-10.0;1.0;-3.0;-1.0;GASOLINE
2300.0;3710.0;5860.0;9090.0;1354.0;1816.0;2080.0;3370.0;5370.0;8390.0;1251.0;1732.0;-10.0;1.0;-7.0;2.0;GASOLINE
2260.0;3650.0;5810.0;9150.0;1348.0;1790.0;2120.0;3380.0;5290.0;8390.0;1256.0;1750.0;-10.0;1.0;-7.0;-7.0;GASOLINE
2320.0;3770.0;6000.0;9290.0;1375.0;1813.0;2100.0;3390.0;5340.0;8310.0;1257.0;1757.0;-9.0;4.0;-3.0;1.0;GASOLINE
2300.0;3690.0;5890.0;9160.0;1362.0;1823.0;2150.0;3410.0;5410.0;8550.0;1275.0;1788.0;-7.0;10.0;-3.0;1.0;GASOLINE
2350.0;3750.0;6030.0;9410.0;1384.0;1851.0;2140.0;3430.0;5460.0;8630.0;1286.0;1819.0;-7.0;10.0;-3.0;-3.0;GASOLINE
2360.0;3790.0;6070.0;9430.0;1403.0;1859.0;2200.0;3530.0;5590.0;8680.0;1292.0;1823.0;-7.0;0.0;2.0;-3.0;GASOLINE
2340.0;3830.0;6100.0;9570.0;1391.0;1852.0;2140.0;3420.0;5390.0;8540.0;1283.0;1810.0;-8.0;-4.0;1.0;-3.0;GASOLINE
2390.0;3830.0;6120.0;9520.0;1415.0;1875.0;2150.0;3450.0;5480.0;8600.0;1288.0;1816.0;-13.0;-4.0;-1.0;-6.0;GASOLINE
2360.0;3810.0;6060.0;9450.0;1405.0;1879.0;2210.0;3560.0;5610.0;8760.0;1313.0;1829.0;-13.0;-3.0;-2.0;-3.0;GASOLINE
2420.0;3850.0;6150.0;9530.0;1416.0;1885.0;2240.0;3600.0;5720.0;8890.0;1318.0;1835.0;-13.0;0.0;-2.0;-3.0;GASOLINE
2440.0;3910.0;6190.0;9730.0;1427.0;1898.0;2250.0;3590.0;5660.0;8900.0;1322.0;1837.0;-13.0;0.0;-3.0;-5.0;GASOLINE
2470.0;3980.0;6280.0;9730.0;1440.0;1918.0;2300.0;3670.0;5710.0;8950.0;1333.0;1851.0;-13.0;1.0;-11.0;-5.0;GASOLINE
2470.0;4000.0;6250.0;9790.0;1450.0;1920.0;2240.0;3590.0;5670.0;8900.0;1330.0;1871.0;-13.0;2.0;-11.0;-3.0;GASOLINE
2450.0;3950.0;6240.0;9830.0;1447.0;1939.0;2270.0;3630.0;5670.0;8950.0;1335.0;1866.0;-14.0;2.0;-11.0;2.0;GASOLINE
2480.0;4010.0;6400.0;9860.0;1450.0;1938.0;2300.0;3690.0;5860.0;9040.0;1350.0;1878.0;-14.0;1.0;-11.0;4.0;GASOLINE
2460.0;3940.0;6240.0;9730.0;1456.0;1937.0;2250.0;3640.0;5750.0;8990.0;1339.0;1885.0;-14.0;-2.0;-2.0;5.0;GASOLINE
2460.0;3970.0;6280.0;9860.0;1456.0;1930.0;2330.0;3710.0;5850.0;9190.0;1355.0;1886.0;-14.0;-2.0;-2.0;3.0;GASOLINE
2520.0;4030.0;6330.0;9910.0;1472.0;1957.0;2350.0;3790.0;5930.0;9210.0;1378.0;1908.0;-14.0;1.0;-2.0;2.0;GASOLINE
2480.0;3990.0;6390.0;9920.0;1471.0;1963.0;2360.0;3810.0;6000.0;9250.0;1370.0;1922.0;-9.0;5.0;-2.0;-4.0;GASOLINE
2560.0;4070.0;6410.0;10020.0;1468.0;1969.0;2300.0;3670.0;5730.0;9050.0;1362.0;1908.0;-9.0;6.0;2.0;-5.0;GASOLINE
2530.0;4030.0;6400.0;9990.0;1474.0;1966.0;2370.0;3750.0;5860.0;9130.0;1353.0;1921.0;-9.0;-1.0;2.0;-5.0;GASOLINE
2560.0;4090.0;6480.0;10170.0;1482.0;1979.0;2320.0;3690.0;5810.0;9060.0;1371.0;1928.0;-9.0;-1.0;0.0;-4.0;GASOLINE
2510.0;4020.0;6420.0;10030.0;1492.0;1988.0;2430.0;3890.0;6120.0;9420.0;1392.0;1934.0;-9.0;-1.0;-8.0;-4.0;GASOLINE
2590.0;4120.0;6570.0;10170.0;1496.0;1976.0;2350.0;3810.0;5970.0;9390.0;1380.0;1941.0;-15.0;-1.0;-11.0;-2.0;GASOLINE
2530.0;4090.0;6430.0;10060.0;1496.0;1986.0;2370.0;3760.0;5870.0;9240.0;1375.0;1937.0;-15.0;-1.0;-11.0;-2.0;GASOLINE
2580.0;4140.0;6550.0;10230.0;1503.0;2007.0;2410.0;3870.0;6050.0;9390.0;1400.0;1948.0;-17.0;-1.0;-8.0;-1.0;GASOLINE
2580.0;4110.0;6540.0;10120.0;1503.0;2003.0;2330.0;3720.0;5860.0;9280.0;1392.0;1938.0;-17.0;-1.0;-11.0;-1.0;GASOLINE
2600.0;4120.0;6560.0;10220.0;1495.0;1999.0;2400.0;3810.0;5940.0;9330.0;1402.0;1944.0;-17.0;-2.0;-6.0;-2.0;GASOLINE
2570.0;4110.0;6490.0;10220.0;1502.0;2022.0;2420.0;3810.0;6040.0;9420.0;1400.0;1963.0;-17.0;-2.0;-6.0;-6.0;GASOLINE
2620.0;4170.0;6640.0;10290.0;1518.0;2009.0;2470.0;3920.0;6130.0;9440.0;1388.0;1962.0;-17.0;-2.0;-6.0;-6.0;GASOLINE
2520.0;4050.0;6470.0;10130.0;1489.0;1995.0;2460.0;3920.0;6110.0;9390.0;1396.0;1955.0;-19.0;-2.0;-8.0;-6.0;GASOLINE
2580.0;4150.0;6580.0;10110.0;1516.0;2001.0;2390.0;3810.0;5980.0;9300.0;1396.0;1941.0;-16.0;-1.0;-1.0;-6.0;GASOLINE
2540.0;4090.0;6480.0;10120.0;1502.0;1994.0;2350.0;3790.0;6050.0;9570.0;1410.0;1956.0;-8.0;-1.0;-7.0;-6.0;GASOLINE
2540.0;4080.0;6460.0;10060.0;1503.0;2006.0;2370.0;3780.0;5970.0;9320.0;1402.0;1958.0;-7.0;-1.0;-7.0;-10.0;GASOLINE
2530.0;4050.0;6490.0;10100.0;1503.0;2009.0;2490.0;3940.0;6180.0;9550.0;1412.0;1962.0;-8.0;4.0;-7.0;-6.0;GASOLINE
2610.0;4200.0;6640.0;10330.0;1521.0;2034.0;2480.0;3960.0;6240.0;9630.0;1415.0;2001.0;-8.0;4.0;-7.0;-6.0;GASOLINE
2620.0;4220.0;6650.0;10390.0;1530.0;2039.0;2420.0;3860.0;6100.0;9610.0;1415.0;1980.0;-8.0;-1.0;-7.0;-10.0;GASOLINE
2600.0;4190.0;6720.0;10490.0;1542.0;2059.0;2440.0;3910.0;6220.0;9640.0;1434.0;2003.0;-8.0;-1.0;-7.0;-6.0;GASOLINE
2630.0;4210.0;6660.0;10400.0;1541.0;2062.0;2440.0;3880.0;6130.0;9570.0;1441.0;2014.0;-18.0;-3.0;-13.0;-6.0;GASOLINE
2620.0;4210.0;6720.0;10490.0;1553.0;2087.0;2420.0;3900.0;6150.0;9650.0;1452.0;2032.0;-18.0;-4.0;-13.0;-6.0;GASOLINE
2650.0;4320.0;6800.0;10560.0;1563.0;2101.0;2530.0;4070.0;6390.0;9920.0;1465.0;2042.0;-18.0;-4.0;-13.0;-8.0;GASOLINE
2670.0;4250.0;6790.0;10560.0;1560.0;2094.0;2550.0;4080.0;6390.0;9890.0;1455.0;2057.0;-21.0;-4.0;-7.0;-8.0;GASOLINE
2730.0;4370.0;6930.0;10700.0;1578.0;2120.0;2580.0;4090.0;6390.0;9870.0;1473.0;2045.0;-21.0;-1.0;-7.0;-9.0;GASOLINE
2730.0;4340.0;6900.0;10730.0;1584.0;2125.0;2570.0;4160.0;6490.0;10090.0;1469.0;2067.0;-11.0;0.0;-7.0;-9.0;GASOLINE
2750.0;4400.0;6990.0;10830.0;1603.0;2133.0;2540.0;4060.0;6370.0;9940.0;1487.0;2090.0;-15.0;0.0;-9.0;-9.0;GASOLINE
2740.0;4400.0;6950.0;10930.0;1610.0;2156.0;2610.0;4140.0;6530.0;10160.0;1506.0;2102.0;-15.0;0.0;-7.0;-9.0;GASOLINE
2830.0;4480.0;7150.0;11050.0;1631.0;2166.0;2650.0;4210.0;6720.0;10220.0;1519.0;2123.0;-11.0;0.0;-7.0;-8.0;GASOLINE
2760.0;4410.0;7030.0;10950.0;1624.0;2186.0;2670.0;4250.0;6620.0;10310.0;1518.0;2117.0;-15.0;-2.0;-7.0;-6.0;GASOLINE
2760.0;4470.0;7030.0;10960.0;1632.0;2198.0;2630.0;4140.0;6530.0;10200.0;1506.0;2119.0;-15.0;-2.0;-7.0;-4.0;GASOLINE
2770.0;4400.0;7020.0;10920.0;1617.0;2180.0;2590.0;4140.0;6470.0;10180.0;1516.0;2119.0;-13.0;-2.0;-6.0;-3.0;GASOLINE
2770.0;4460.0;7040.0;11010.0;1629.0;2204.0;2600.0;4140.0;6610.0;10260.0;1539.0;2144.0;-13.0;-2.0;-7.0;-3.0;GASOLINE
2800.0;4520.0;7100.0;11130.0;1636.0;2187.0;2630.0;4180.0;6600.0;10250.0;1532.0;2157.0;-14.0;-2.0;-7.0;-3.0;GASOLINE
2820.0;4540.0;7250.0;11190.0;1653.0;2217.0;2660.0;4180.0;6530.0;10260.0;1525.0;2171.0;-14.0;1.0;-7.0;-4.0;GASOLINE
2810.0;4490.0;7140.0;11040.0;1644.0;2202.0;2690.0;4240.0;6710.0;10290.0;1523.0;2149.0;-14.0;2.0;-7.0;-4.0;GASOLINE
2870.0;4600.0;7220.0;11220.0;1658.0;2228.0;2600.0;4210.0;6630.0;10380.0;1546.0;2148.0;-14.0;2.0;-7.0;-7.0;GASOLINE
2840.0;4510.0;7170.0;11240.0;1658.0;2251.0;2740.0;4350.0;6890.0;10650.0;1556.0;2179.0;-14.0;4.0;-3.0;-7.0;GASOLINE
2860.0;4610.0;7280.0;11310.0;1665.0;2241.0;2740.0;4360.0;6810.0;10590.0;1558.0;2180.0;-14.0;4.0;-3.0;-4.0;GASOLINE
2840.0;4560.0;7250.0;11350.0;1660.0;2245.0;2680.0;4320.0;6800.0;10590.0;1588.0;2211.0;-11.0;2.0;-3.0;-7.0;GASOLINE
2880.0;4630.0;7300.0;11350.0;1684.0;2266.0;2720.0;4320.0;6770.0;10580.0;1585.0;2222.0;-11.0;1.0;-3.0;-4.0;GASOLINE
2920.0;4680.0;7430.0;11610.0;1709.0;2287.0;2760.0;4350.0;6830.0;10620.0;1582.0;2245.0;-11.0;-4.0;-6.0;-3.0;GASOLINE
2930.0;4700.0;7410.0;11580.0;1715.0;2309.0;2730.0;4400.0;6850.0;10780.0;1599.0;2250.0;-19.0;-4.0;-13.0;-4.0;GASOLINE
2940.0;4670.0;7470.0;11620.0;1707.0;2277.0;2780.0;4410.0;6920.0;10670.0;1593.0;2213.0;-19.0;-3.0;-12.0;-6.0;GASOLINE
2940.0;4700.0;7430.0;11480.0;1715.0;2303.0;2780.0;4460.0;7000.0;10840.0;1604.0;2243.0;-19.0;-3.0;-13.0;-6.0;GASOLINE
2900.0;4640.0;7340.0;11430.0;1702.0;2297.0;2680.0;4340.0;6860.0;10820.0;1601.0;2238.0;-19.0;-3.0;-12.0;-6.0;GASOLINE
2870.0;4600.0;7380.0;11520.0;1698.0;2300.0;2800.0;4460.0;7100.0;10790.0;1611.0;2233.0;-19.0;-2.0;-13.0;-6.0;GASOLINE
2900.0;4620.0;7330.0;11440.0;1677.0;2287.0;2800.0;4460.0;7040.0;10850.0;1610.0;2248.0;-15.0;-3.0;-13.0;-6.0;GASOLINE
2870.0;4610.0;7360.0;11470.0;1713.0;2312.0;2720.0;4350.0;6860.0;10690.0;1591.0;2241.0;-15.0;-2.0;-13.0;-6.0;GASOLINE
2940.0;4710.0;7450.0;11550.0;1719.0;2320.0;2830.0;4550.0;7180.0;11060.0;1630.0;2291.0;-14.0;-2.0;-13.0;-7.0;GASOLINE
2930.0;4750.0;7510.0;11730.0;1738.0;2348.0;2830.0;4590.0;7180.0;11070.0;1628.0;2286.0;-15.0;4.0;-13.0;-4.0;GASOLINE
2970.0;4760.0;7530.0;11810.0;1742.0;2356.0;2910.0;4620.0;7240.0;11260.0;1652.0;2303.0;-14.0;6.0;-12.0;-3.0;GASOLINE
3000.0;4790.0;7570.0;11880.0;1741.0;2344.0;2790.0;4440.0;7110.0;11140.0;1657.0;2313.0;-22.0;7.0;-12.0;-8.0;GASOLINE
2990.0;4770.0;7560.0;11810.0;1751.0;2383.0;2790.0;4490.0;7060.0;11010.0;1645.0;2325.0;-19.0;4.0;-12.0;-3.0;GASOLINE
3050.0;4810.0;7570.0;11830.0;1766.0;2365.0;2850.0;4510.0;7080.0;11070.0;1659.0;2337.0;-19.0;0.0;-12.0;-3.0;GASOLINE
3070.0;4930.0;7750.0;12070.0;1795.0;2406.0;2960.0;4720.0;7360.0;11520.0;1689.0;2348.0;-9.0;0.0;-9.0;-3.0;GASOLINE
3070.0;4900.0;7720.0;12090.0;1786.0;2427.0;2850.0;4570.0;7180.0;11250.0;1666.0;2370.0;-9.0;0.0;-9.0;-6.0;GASOLINE
3120.0;4960.0;7780.0;12220.0;1802.0;2421.0;2860.0;4580.0;7270.0;11430.0;1689.0;2374.0;-9.0;0.0;-9.0;-6.0;GASOLINE
3090.0;4950.0;7780.0;12190.0;1808.0;2425.0;2870.0;4570.0;7220.0;11270.0;1688.0;2377.0;-9.0;5.0;-5.0;-6.0;GASOLINE
3090.0;4950.0;7870.0;12230.0;1802.0;2434.0;2970.0;4670.0;7310.0;11330.0;1705.0;2365.0;-7.0;5.0;-5.0;-6.0;GASOLINE
3090.0;4930.0;7800.0;12230.0;1806.0;2431.0;2980.0;4770.0;7420.0;11620.0;1719.0;2394.0;-12.0;3.0;-11.0;-6.0;GASOLINE
3150.0;4970.0;7900.0;12350.0;1812.0;2443.0;3010.0;4800.0;7540.0;11650.0;1719.0;2401.0;-12.0;0.0;-11.0;-6.0;GASOLINE
3110.0;4950.0;7860.0;12160.0;1809.0;2434.0;2880.0;4570.0;7270.0;11410.0;1693.0;2376.0;-10.0;-3.0;-4.0;-6.0;GASOLINE
3130.0;4940.0;7780.0;12200.0;1795.0;2452.0;2880.0;4610.0;7240.0;11390.0;1696.0;2389.0;-10.0;-5.0;-7.0;-6.0;GASOLINE
3170.0;5020.0;7930.0;12400.0;1815.0;2461.0;2910.0;4650.0;7400.0;11490.0;1718.0;2385.0;-16.0;-3.0;-7.0;-5.0;GASOLINE
3120.0;4980.0;7890.0;12310.0;1812.0;2459.0;3000.0;4780.0;7480.0;11540.0;1718.0;2411.0;-12.0;-3.0;-7.0;-5.0;GASOLINE
3120.0;4980.0;7910.0;12400.0;1816.0;2444.0;2930.0;4640.0;7270.0;11380.0;1695.0;2391.0;-12.0;-3.0;-8.0;-4.0;GASOLINE
3150.0;5050.0;7950.0;12360.0;1833.0;2447.0;3020.0;4770.0;7550.0;11730.0;1728.0;2423.0;-16.0;3.0;-8.0;-4.0;GASOLINE
3170.0;5040.0;8000.0;12320.0;1823.0;2474.0;2940.0;4650.0;7370.0;11420.0;1706.0;2399.0;-12.0;6.0;-9.0;-3.0;GASOLINE
3110.0;4950.0;7810.0;12280.0;1834.0;2470.0;2980.0;4770.0;7430.0;11680.0;1737.0;2440.0;-12.0;-4.0;-9.0;-3.0;GASOLINE
3180.0;5090.0;8070.0;12460.0;1841.0;2482.0;2990.0;4760.0;7440.0;11610.0;1734.0;2426.0;-15.0;4.0;-9.0;-2.0;GASOLINE
3180.0;5070.0;8030.0;12390.0;1847.0;2486.0;3020.0;4840.0;7600.0;11750.0;1741.0;2456.0;-16.0;-2.0;-13.0;-3.0;GASOLINE
3250.0;5180.0;8100.0;12560.0;1846.0;2498.0;3060.0;4880.0;7720.0;11820.0;1752.0;2469.0;-18.0;-2.0;-13.0;-3.0;GASOLINE
3280.0;5200.0;8190.0;12650.0;1874.0;2522.0;3150.0;5000.0;7860.0;12140.0;1770.0;2490.0;-19.0;4.0;-13.0;-5.0;GASOLINE
3240.0;5170.0;8150.0;12720.0;1876.0;2519.0;3060.0;4870.0;7650.0;11990.0;1774.0;2489.0;-19.0;4.0;-12.0;-5.0;GASOLINE
3250.0;5190.0;8210.0;12680.0;1876.0;2540.0;3000.0;4750.0;7530.0;11710.0;1762.0;2467.0;-19.0;6.0;-12.0;-5.0;GASOLINE
3200.0;5130.0;8150.0;12700.0;1852.0;2521.0;3030.0;4780.0;7520.0;11720.0;1747.0;2476.0;-12.0;4.0;-12.0;-5.0;GASOLINE
3270.0;5220.0;8270.0;12790.0;1874.0;2535.0;3030.0;4850.0;7570.0;11790.0;1766.0;2488.0;-9.0;4.0;-12.0;-5.0;GASOLINE
3180.0;5110.0;8070.0;12630.0;1867.0;2534.0;3070.0;4920.0;7670.0;11880.0;1758.0;2467.0;-9.0;-1.0;-12.0;-5.0;GASOLINE
3210.0;5140.0;8170.0;12660.0;1870.0;2524.0;3070.0;4830.0;7570.0;11680.0;1766.0;2473.0;-12.0;1.0;-14.0;-7.0;GASOLINE
3210.0;5110.0;8050.0;12540.0;1859.0;2521.0;3060.0;4920.0;7670.0;11890.0;1769.0;2472.0;-12.0;1.0;-12.0;-9.0;GASOLINE
3300.0;5260.0;8220.0;12730.0;1889.0;2561.0;3060.0;4850.0;7630.0;11900.0;1777.0;2484.0;-16.0;2.0;-12.0;-9.0;GASOLINE
3270.0;5220.0;8200.0;12760.0;1884.0;2542.0;3010.0;4790.0;7560.0;11820.0;1772.0;2497.0;-16.0;4.0;-12.0;-9.0;GASOLINE
3270.0;5200.0;8270.0;12770.0;1886.0;2556.0;3090.0;4870.0;7730.0;11930.0;1776.0;2505.0;-12.0;2.0;-7.0;-9.0;GASOLINE
3280.0;5180.0;8210.0;12780.0;1888.0;2569.0;3050.0;4890.0;7670.0;12080.0;1786.0;2515.0;-16.0;3.0;-5.0;-8.0;GASOLINE
3340.0;5270.0;8360.0;12880.0;1906.0;2572.0;3110.0;4960.0;7690.0;11990.0;1783.0;2524.0;-8.0;2.0;-1.0;-5.0;GASOLINE
3270.0;5180.0;8260.0;12750.0;1889.0;2578.0;3150.0;5000.0;7800.0;12100.0;1791.0;2525.0;-8.0;2.0;0.0;-5.0;GASOLINE
3250.0;5160.0;8190.0;12780.0;1910.0;2571.0;3020.0;4870.0;7670.0;11990.0;1787.0;2514.0;-9.0;1.0;0.0;-4.0;GASOLINE
3290.0;5240.0;8290.0;12930.0;1900.0;2553.0;3050.0;4870.0;7770.0;12100.0;1789.0;2514.0;-13.0;-1.0;-1.0;-5.0;GASOLINE
3300.0;5250.0;8290.0;12900.0;1905.0;2560.0;3080.0;4910.0;7800.0;12010.0;1801.0;2522.0;-9.0;-2.0;0.0;-6.0;GASOLINE
3340.0;5310.0;8350.0;12870.0;1906.0;2571.0;3100.0;4910.0;7800.0;12160.0;1794.0;2529.0;-13.0;-2.0;-4.0;-6.0;GASOLINE
3310.0;5210.0;8230.0;12840.0;1896.0;2573.0;3170.0;5050.0;7870.0;12200.0;1790.0;2535.0;-15.0;-2.0;-11.0;-6.0;GASOLINE
3310.0;5250.0;8340.0;12980.0;1920.0;2599.0;3170.0;5040.0;7850.0;12230.0;1824.0;2545.0;-13.0;-3.0;-5.0;-6.0;GASOLINE
3320.0;5310.0;8360.0;13030.0;1923.0;2603.0;3110.0;4950.0;7810.0;12080.0;1812.0;2551.0;-15.0;-3.0;-11.0;-6.0;GASOLINE
3340.0;5310.0;8420.0;12970.0;1939.0;2606.0;3140.0;5050.0;7920.0;12340.0;1821.0;2579.0;-15.0;0.0;-11.0;-6.0;GASOLINE
3370.0;5370.0;8490.0;13140.0;1948.0;2625.0;3120.0;4950.0;7830.0;12220.0;1812.0;2552.0;-17.0;-3.0;-9.0;-6.0;GASOLINE
3370.0;5390.0;8460.0;13080.0;1934.0;2630.0;3280.0;5160.0;8050.0;12380.0;1836.0;2564.0;-12.0;-3.0;-5.0;-6.0;GASOLINE
3340.0;5310.0;8420.0;12950.0;1921.0;2619.0;3240.0;5140.0;8040.0;12540.0;1845.0;2558.0;-15.0;-3.0;-4.0;-10.0;GASOLINE
3370.0;5380.0;8440.0;13090.0;1951.0;2627.0;3140.0;5030.0;7930.0;12380.0;1847.0;2583.0;-15.0;1.0;-4.0;-10.0;GASOLINE
3390.0;5410.0;8510.0;13220.0;1959.0;2628.0;3190.0;5100.0;7960.0;12440.0;1837.0;2577.0;-15.0;-3.0;-2.0;-10.0;GASOLINE
3410.0;5420.0;8560.0;13330.0;1961.0;2647.0;3290.0;5240.0;8150.0;12560.0;1867.0;2569.0;-12.0;1.0;-2.0;-9.0;GASOLINE
3400.0;5430.0;8530.0;13210.0;1954.0;2646.0;3210.0;5070.0;7950.0;12330.0;1838.0;2573.0;-14.0;1.0;-12.0;-7.0;GASOLINE
3380.0;5400.0;8510.0;13220.0;1949.0;2651.0;3240.0;5110.0;7980.0;12440.0;1845.0;2602.0;-14.0;4.0;-13.0;-6.0;GASOLINE
3370.0;5340.0;8440.0;13170.0;1942.0;2647.0;3250.0;5170.0;8030.0;12430.0;1848.0;2606.0;-11.0;7.0;-12.0;-7.0;GASOLINE
3390.0;5380.0;8490.0;13330.0;1966.0;2669.0;3120.0;5020.0;7920.0;12350.0;1842.0;2599.0;-14.0;8.0;-14.0;-6.0;GASOLINE
3400.0;5410.0;8530.0;13320.0;1967.0;2668.0;3210.0;5150.0;8090.0;12580.0;1866.0;2628.0;-17.0;-4.0;-14.0;-7.0;GASOLINE
3410.0;5430.0;8550.0;13260.0;1963.0;2668.0;3190.0;5090.0;7980.0;12460.0;1854.0;2620.0;-17.0;-4.0;-14.0;-10.0;GASOLINE
3390.0;5420.0;8630.0;13340.0;1967.0;2676.0;3260.0;5200.0;8100.0;12600.0;1877.0;2629.0;-17.0;-4.0;-8.0;-11.0;GASOLINE
3350.0;5370.0;8500.0;13310.0;1960.0;2670.0;3270.0;5220.0;8150.0;12640.0;1894.0;2638.0;-17.0;0.0;-8.0;-10.0;GASOLINE
3460.0;5490.0;8680.0;13520.0;1990.0;2687.0;3330.0;5300.0;8270.0;12630.0;1882.0;2624.0;-12.0;0.0;-6.0;-11.0;GASOLINE
3460.0;5490.0;8630.0;13410.0;1974.0;2667.0;3180.0;5110.0;8040.0;12560.0;1867.0;2603.0;-12.0;0.0;-6.0;-12.0;GASOLINE
3360.0;5370.0;8480.0;13240.0;1952.0;2666.0;3200.0;5080.0;7990.0;12370.0;1850.0;2609.0;-12.0;0.0;-7.0;-12.0;GASOLINE
3380.0;5410.0;8550.0;13270.0;1969.0;2668.0;3220.0;5120.0;8110.0;12530.0;1861.0;2604.0;-12.0;-2.0;-7.0;-8.0;GASOLINE
3430.0;5450.0;8660.0;13410.0;1978.0;2693.0;3350.0;5290.0;8340.0;12700.0;1888.0;2656.0;-13.0;4.0;-8.0;-12.0;GASOLINE
3430.0;5460.0;8580.0;13430.0;1984.0;2714.0;3350.0;5300.0;8320.0;12930.0;1881.0;2662.0;-19.0;-2.0;-10.0;-9.0;GASOLINE
3480.0;5570.0;8750.0;13630.0;2008.0;2720.0;3280.0;5190.0;8080.0;12660.0;1886.0;2640.0;-15.0;-2.0;-10.0;-8.0;GASOLINE
3500.0;5570.0;8810.0;13650.0;2015.0;2722.0;3400.0;5400.0;8520.0;13070.0;1925.0;2676.0;-19.0;-2.0;-8.0;-9.0;GASOLINE
3480.0;5530.0;8690.0;13500.0;2002.0;2713.0;3240.0;5160.0;8170.0;12780.0;1896.0;2661.0;-19.0;-6.0;-8.0;-9.0;GASOLINE
3440.0;5480.0;8660.0;13550.0;1993.0;2721.0;3310.0;5270.0;8250.0;12780.0;1898.0;2685.0;-17.0;-6.0;-4.0;-9.0;GASOLINE
3440.0;5480.0;8660.0;13650.0;2010.0;2739.0;3260.0;5250.0;8210.0;12830.0;1911.0;2675.0;-17.0;2.0;-4.0;-9.0;GASOLINE
3480.0;5520.0;8720.0;13570.0;2022.0;2734.0;3330.0;5330.0;8300.0;12950.0;1931.0;2693.0;-17.0;3.0;-7.0;-11.0;GASOLINE
3500.0;5550.0;8800.0;13600.0;2014.0;2744.0;3370.0;5330.0;8330.0;12880.0;1910.0;2701.0;-17.0;-3.0;-7.0;-12.0;GASOLINE
3520.0;5570.0;8820.0;13730.0;2039.0;2754.0;3380.0;5400.0;8490.0;13140.0;1944.0;2718.0;-17.0;2.0;-7.0;-13.0;GASOLINE
3500.0;5550.0;8910.0;13880.0;2030.0;2765.0;3400.0;5360.0;8400.0;12970.0;1931.0;2729.0;-12.0;2.0;-15.0;-13.0;GASOLINE
3530.0;5620.0;8920.0;13850.0;2037.0;2753.0;3360.0;5340.0;8390.0;12890.0;1916.0;2720.0;-11.0;3.0;-12.0;-12.0;GASOLINE
3540.0;5650.0;8920.0;13790.0;2041.0;2784.0;3410.0;5430.0;8510.0;13210.0;1962.0;2728.0;-12.0;5.0;-12.0;-12.0;GASOLINE
3590.0;5720.0;8990.0;13900.0;2067.0;2782.0;3350.0;5360.0;8440.0;13000.0;1934.0;2699.0;-12.0;9.0;-12.0;-12.0;GASOLINE
3520.0;5560.0;8830.0;13820.0;2033.0;2765.0;3380.0;5300.0;8340.0;12990.0;1928.0;2714.0;-15.0;6.0;-15.0;-12.0;GASOLINE
3570.0;5700.0;8890.0;13930.0;2059.0;2782.0;3310.0;5290.0;8370.0;13130.0;1940.0;2728.0;-15.0;4.0;-12.0;-12.0;GASOLINE
3560.0;5690.0;8970.0;13960.0;2057.0;2791.0;3460.0;5480.0;8630.0;13220.0;1961.0;2733.0;-17.0;4.0;-15.0;-10.0;GASOLINE
3630.0;5740.0;9040.0;13980.0;2068.0;2790.0;3390.0;5370.0;8450.0;13180.0;1956.0;2735.0;-16.0;0.0;-15.0;-10.0;GASOLINE
3570.0;5690.0;9020.0;14020.0;2054.0;2794.0;3430.0;5400.0;8490.0;13170.0;1960.0;2745.0;-16.0;0.0;-15.0;-10.0;GASOLINE
3580.0;5720.0;8960.0;13940.0;2063.0;2793.0;3450.0;5510.0;8640.0;13380.0;1966.0;2756.0;-16.0;0.0;-15.0;-4.0;GASOLINE
3560.0;5700.0;8980.0;13930.0;2059.0;2814.0;3440.0;5480.0;8570.0;13140.0;1965.0;2757.0;-16.0;4.0;-15.0;-13.0;GASOLINE
3640.0;5740.0;9100.0;14070.0;2084.0;2824.0;3430.0;5460.0;8660.0;13380.0;1988.0;2777.0;-13.0;0.0;-15.0;-13.0;GASOLINE
3620.0;5730.0;9050.0;14180.0;2067.0;2826.0;3490.0;5520.0;8570.0;13280.0;1993.0;2782.0;-13.0;0.0;-13.0;-13.0;GASOLINE
3630.0;5780.0;9080.0;14100.0;2082.0;2846.0;3520.0;5560.0;8700.0;13430.0;1986.0;2793.0;-12.0;0.0;-13.0;-13.0;GASOLINE
3650.0;5800.0;9140.0;14260.0;2088.0;2843.0;3500.0;5560.0;8730.0;13460.0;1996.0;2775.0;-12.0;0.0;-12.0;-13.0;GASOLINE
3670.0;5810.0;9200.0;14140.0;2088.0;2835.0;3430.0;5480.0;8610.0;13510.0;1992.0;2759.0;-12.0;-2.0;-12.0;-13.0;GASOLINE
3650.0;5820.0;9150.0;14150.0;2097.0;2820.0;3420.0;5490.0;8620.0;13360.0;1989.0;2794.0;-12.0;-2.0;-12.0;-13.0;GASOLINE
3660.0;5810.0;9150.0;14260.0;2091.0;2842.0;3410.0;5510.0;8550.0;13370.0;1980.0;2782.0;-12.0;2.0;-7.0;-14.0;GASOLINE
3710.0;5860.0;9180.0;14230.0;2100.0;2852.0;3470.0;5540.0;8640.0;13490.0;1996.0;2791.0;-7.0;-2.0;-5.0;-11.0;GASOLINE
3750.0;5910.0;9280.0;14270.0;2097.0;2835.0;3530.0;5610.0;8800.0;13660.0;1985.0;2797.0;-7.0;-2.0;-7.0;-10.0;GASOLINE
3660.0;5790.0;9170.0;14260.0;2095.0;2835.0;3530.0;5620.0;8750.0;13560.0;1994.0;2789.0;-7.0;-2.0;-7.0;-10.0;GASOLINE
3600.0;5710.0;9040.0;14110.0;2076.0;2822.0;3410.0;5480.0;8700.0;13440.0;2012.0;2786.0;-9.0;-2.0;-7.0;-10.0;GASOLINE
3710.0;5880.0;9220.0;14270.0;2091.0;2860.0;3550.0;5630.0;8820.0;13530.0;2002.0;2784.0;-13.0;-2.0;-8.0;-10.0;GASOLINE
3700.0;5860.0;9260.0;14400.0;2120.0;2875.0;3600.0;5730.0;8970.0;13810.0;2032.0;2836.0;-17.0;-3.0;-8.0;-10.0;GASOLINE
3750.0;5910.0;9250.0;14340.0;2133.0;2889.0;3520.0;5610.0;8780.0;13650.0;2026.0;2843.0;-17.0;-3.0;-6.0;-10.0;GASOLINE
3680.0;5850.0;9210.0;14410.0;2120.0;2871.0;3530.0;5610.0;8730.0;13590.0;2019.0;2822.0;-14.0;-4.0;-6.0;-9.0;GASOLINE
3640.0;5780.0;9180.0;14230.0;2115.0;2872.0;3430.0;5460.0;8710.0;13520.0;2009.0;2823.0;-17.0;-3.0;-8.0;-10.0;GASOLINE
3750.0;5930.0;9370.0;14520.0;2134.0;2873.0;3600.0;5710.0;8950.0;13700.0;2039.0;2855.0;-14.0;-2.0;-6.0;-9.0;GASOLINE
3750.0;5940.0;9370.0;14550.0;2140.0;2893.0;3500.0;5560.0;8750.0;13660.0;2021.0;2836.0;-12.0;2.0;-9.0;-6.0;GASOLINE
3740.0;5890.0;9310.0;14450.0;2136.0;2899.0;3590.0;5670.0;8830.0;13670.0;2034.0;2845.0;-12.0;0.0;-9.0;-6.0;GASOLINE
3770.0;6010.0;9360.0;14520.0;2146.0;2911.0;3570.0;5670.0;8830.0;13750.0;2034.0;2860.0;-17.0;4.0;-9.0;-5.0;GASOLINE
3770.0;5940.0;9330.0;14540.0;2132.0;2917.0;3580.0;5640.0;8860.0;13730.0;2036.0;2870.0;-14.0;2.0;-8.0;-5.0;GASOLINE
3730.0;5960.0;9410.0;14560.0;2129.0;2920.0;3530.0;5660.0;8880.0;13850.0;2060.0;2860.0;-19.0;2.0;-9.0;-7.0;GASOLINE
3800.0;6030.0;9430.0;14610.0;2146.0;2918.0;3650.0;5790.0;9050.0;14010.0;2049.0;2873.0;-19.0;2.0;-8.0;-9.0;GASOLINE
3750.0;5940.0;9350.0;14510.0;2137.0;2925.0;3620.0;5780.0;9070.0;14080.0;2054.0;2861.0;-17.0;2.0;-4.0;-9.0;GASOLINE
3670.0;5820.0;9250.0;14430.0;2133.0;2920.0;3670.0;5810.0;9020.0;13940.0;2060.0;2856.0;-14.0;-4.0;-4.0;-9.0;GASOLINE
3750.0;5970.0;9380.0;14690.0;2147.0;2928.0;3530.0;5590.0;8780.0;13640.0;2025.0;2856.0;-17.0;-4.0;-7.0;-8.0;GASOLINE
3800.0;6020.0;9520.0;14640.0;2157.0;2943.0;3560.0;5710.0;8870.0;13780.0;2052.0;2867.0;-14.0;-3.0;-7.0;-8.0;GASOLINE
3740.0;5980.0;9380.0;14630.0;2153.0;2944.0;3630.0;5760.0;8980.0;13810.0;2053.0;2898.0;-14.0;-3.0;-7.0;-7.0;GASOLINE
3790.0;5990.0;9420.0;14620.0;2165.0;2933.0;3560.0;5620.0;8870.0;13890.0;2047.0;2860.0;-13.0;-3.0;-7.0;-8.0;GASOLINE
3760.0;5960.0;9390.0;14560.0;2152.0;2934.0;3570.0;5650.0;8880.0;13850.0;2045.0;2871.0;-21.0;-3.0;-7.0;-8.0;GASOLINE
3740.0;5970.0;9390.0;14710.0;2165.0;2929.0;3570.0;5650.0;8930.0;13880.0;2047.0;2883.0;-18.0;-3.0;-7.0;-4.0;GASOLINE
3830.0;6060.0;9500.0;14720.0;2169.0;2947.0;3670.0;5820.0;9100.0;13960.0;2052.0;2885.0;-19.0;-1.0;-6.0;-4.0;GASOLINE
3820.0;6020.0;9460.0;14560.0;2152.0;2941.0;3560.0;5680.0;8870.0;13810.0;2045.0;2876.0;-18.0;-1.0;-6.0;-8.0;GASOLINE
3780.0;6020.0;9470.0;14660.0;2155.0;2929.0;3510.0;5560.0;8810.0;13670.0;2058.0;2882.0;-19.0;-1.0;-12.0;-8.0;GASOLINE
3850.0;6100.0;9570.0;14760.0;2166.0;2956.0;3640.0;5810.0;9130.0;14080.0;2080.0;2890.0;-18.0;-5.0;-12.0;-13.0;GASOLINE
3830.0;6040.0;9510.0;14690.0;2167.0;2967.0;3680.0;5840.0;9150.0;14120.0;2089.0;2901.0;-16.0;-2.0;-9.0;-13.0;GASOLINE
3830.0;6080.0;9520.0;14720.0;2175.0;2950.0;3690.0;5830.0;9130.0;14040.0;2098.0;2925.0;-14.0;-5.0;-9.0;-15.0;GASOLINE
3810.0;6000.0;9510.0;14690.0;2168.0;2961.0;3670.0;5850.0;9050.0;14160.0;2077.0;2925.0;-14.0;-5.0;-9.0;-13.0;GASOLINE
3730.0;5960.0;9420.0;14620.0;2171.0;2936.0;3540.0;5630.0;8850.0;13850.0;2066.0;2888.0;-9.0;-5.0;-6.0;-6.0;GASOLINE
3730.0;5890.0;9300.0;14520.0;2162.0;2949.0;3570.0;5660.0;8890.0;13690.0;2049.0;2907.0;-9.0;-5.0;-8.0;-6.0;GASOLINE
3870.0;6120.0;9600.0;14810.0;2183.0;2971.0;3720.0;5910.0;9270.0;14250.0;2106.0;2920.0;-9.0;-8.0;2.0;-8.0;GASOLINE
3820.0;6040.0;9530.0;14750.0;2183.0;2992.0;3760.0;5900.0;9320.0;14330.0;2111.0;2947.0;-11.0;-10.0;2.0;-8.0;GASOLINE
3920.0;6090.0;9540.0;14700.0;2152.0;2980.0;3950.0;6160.0;9550.0;14460.0;2121.0;2960.0;-10.0;-15.0;21.0;-92.0;GASOLINE
3900.0;6200.0;9670.0;14720.0;2148.0;2950.0;3840.0;6030.0;9290.0;14240.0;2091.0;2899.0;-10.0;-15.0;15.0;-92.0;GASOLINE
3850.0;6070.0;9460.0;14500.0;2120.0;2924.0;3870.0;6080.0;9420.0;14310.0;2074.0;2902.0;-10.0;-17.0;19.0;-94.0;GASOLINE
3870.0;6110.0;9570.0;14650.0;2142.0;2932.0;3810.0;5970.0;9290.0;14060.0;2059.0;2878.0;-10.0;-17.0;21.0;-92.0;GASOLINE
3630.0;5710.0;8810.0;13580.0;1977.0;2736.0;3530.0;5550.0;8540.0;13130.0;1914.0;2661.0;-10.0;-20.0;19.0;-92.0;GASOLINE
3410.0;5350.0;8330.0;12810.0;1861.0;2593.0;3480.0;5440.0;8360.0;12520.0;1822.0;2567.0;-6.0;-22.0;20.0;-94.0;GASOLINE
3210.0;5050.0;7860.0;11950.0;1752.0;2444.0;3330.0;5210.0;7990.0;12080.0;1740.0;2425.0;-6.0;-22.0;16.0;-94.0;GASOLINE
3170.0;4960.0;7730.0;11820.0;1722.0;2399.0;3220.0;5030.0;7740.0;11710.0;1702.0;2386.0;-6.0;-22.0;16.0;-96.0;GASOLINE
3150.0;4950.0;7660.0;11740.0;1692.0;2352.0;3210.0;4940.0;7640.0;11500.0;1665.0;2306.0;-6.0;-22.0;19.0;-96.0;GASOLINE
3010.0;4730.0;7290.0;11000.0;1603.0;2215.0;3030.0;4690.0;7210.0;10990.0;1600.0;2203.0;-6.0;-22.0;22.0;-96.0;GASOLINE
2790.0;4410.0;6840.0;10340.0;1511.0;2115.0;2820.0;4360.0;6740.0;10240.0;1499.0;2091.0;-10.0;-20.0;14.0;-96.0;GASOLINE
2830.0;4430.0;6860.0;10390.0;1519.0;2106.0;2880.0;4450.0;6810.0;10380.0;1514.0;2107.0;-13.0;-22.0;13.0;-89.0;GASOLINE
2830.0;4440.0;6920.0;10530.0;1538.0;2091.0;2860.0;4440.0;6830.0;10500.0;1499.0;2090.0;-13.0;-22.0;16.0;-89.0;GASOLINE
2830.0;4420.0;6870.0;10470.0;1511.0;2061.0;2810.0;4330.0;6660.0;10140.0;1478.0;2061.0;-12.0;-22.0;19.0;-89.0;GASOLINE
2760.0;4300.0;6680.0;10260.0;1482.0;2059.0;2780.0;4330.0;6690.0;10120.0;1471.0;2036.0;-10.0;-21.0;20.0;-89.0;GASOLINE
2810.0;4390.0;6780.0;10310.0;1509.0;2074.0;2840.0;4400.0;6740.0;10240.0;1484.0;2066.0;-12.0;-21.0;20.0;-94.0;GASOLINE
2800.0;4420.0;6880.0;10540.0;1522.0;2081.0;2800.0;4390.0;6760.0;10160.0;1479.0;2054.0;-12.0;-20.0;22.0;-94.0;GASOLINE
2800.0;4410.0;6890.0;10470.0;1535.0;2087.0;2790.0;4380.0;6630.0;10220.0;1476.0;2061.0;-9.0;-20.0;15.0;-94.0;GASOLINE
2850.0;4460.0;6880.0;10500.0;1525.0;2097.0;2840.0;4420.0;6800.0;10280.0;1480.0;2049.0;-9.0;-20.0;13.0;-91.0;GASOLINE
2830.0;4450.0;6920.0;10560.0;1527.0;2080.0;2830.0;4450.0;6770.0;10240.0;1475.0;2036.0;-9.0;-20.0;19.0;-91.0;GASOLINE
2800.0;4370.0;6790.0;10370.0;1513.0;2038.0;2810.0;4400.0;6700.0;10180.0;1464.0;2004.0;-2.0;-20.0;22.0;-90.0;GASOLINE
2790.0;4410.0;6800.0;10300.0;1502.0;2032.0;2720.0;4240.0;6550.0;9980.0;1455.0;2011.0;-2.0;-19.0;21.0;-90.0;GASOLINE
2790.0;4400.0;6720.0;10290.0;1503.0;2027.0;2760.0;4310.0;6560.0;10030.0;1445.0;2010.0;-2.0;-18.0;28.0;-90.0;GASOLINE
2800.0;4380.0;6760.0;10390.0;1497.0;2016.0;2740.0;4220.0;6500.0;9910.0;1433.0;1989.0;-3.0;-18.0;20.0;-90.0;GASOLINE
2790.0;4350.0;6800.0;10300.0;1507.0;2035.0;2660.0;4170.0;6420.0;9940.0;1445.0;2003.0;-3.0;-18.0;20.0;-91.0;GASOLINE
2800.0;4400.0;6800.0;10430.0;1503.0;2019.0;2700.0;4200.0;6420.0;9820.0;1426.0;1945.0;-10.0;-18.0;16.0;-93.0;GASOLINE
2540.0;3960.0;6100.0;9210.0;1348.0;1843.0;2520.0;3880.0;5930.0;8950.0;1297.0;1822.0;-13.0;-22.0;24.0;-91.0;GASOLINE
2340.0;3700.0;5710.0;8690.0;1280.0;1778.0;2470.0;3790.0;5820.0;8780.0;1286.0;1771.0;-13.0;-22.0;16.0;-91.0;GASOLINE
2410.0;3750.0;5730.0;8590.0;1259.0;1725.0;2390.0;3660.0;5570.0;8440.0;1220.0;1688.0;-12.0;-18.0;14.0;-91.0;GASOLINE
2220.0;3460.0;5300.0;8130.0;1175.0;1645.0;2250.0;3490.0;5270.0;7970.0;1165.0;1630.0;-12.0;-18.0;24.0;-90.0;GASOLINE
2200.0;3420.0;5260.0;8020.0;1166.0;1618.0;2270.0;3550.0;5400.0;8100.0;1165.0;1617.0;-5.0;-18.0;14.0;-90.0;GASOLINE
2210.0;3420.0;5170.0;7910.0;1141.0;1590.0;2260.0;3490.0;5330.0;8030.0;1144.0;1597.0;-5.0;-18.0;15.0;-93.0;GASOLINE
2160.0;3340.0;5150.0;7820.0;1122.0;1533.0;2170.0;3330.0;5000.0;7530.0;1085.0;1496.0;-5.0;-17.0;19.0;-90.0;GASOLINE
1970.0;3010.0;4650.0;7020.0;1010.0;1439.0;2070.0;3160.0;4720.0;7070.0;1032.0;1437.0;-5.0;-17.0;13.0;-91.0;GASOLINE
1960.0;3010.0;4620.0;6960.0;1010.0;1373.0;1990.0;3030.0;4640.0;6850.0;975.0;1359.0;-5.0;-20.0;21.0;-92.0;GASOLINE
1900.0;2930.0;4460.0;6670.0;958.0;1326.0;1930.0;2950.0;4460.0;6660.0;962.0;1325.0;-4.0;-21.0;25.0;-91.0;GASOLINE
1830.0;2820.0;4330.0;6470.0;930.0;1300.0;1840.0;2850.0;4320.0;6470.0;934.0;1281.0;-4.0;-21.0;25.0;-91.0;GASOLINE
1800.0;2790.0;4260.0;6340.0;927.0;1268.0;1780.0;2770.0;4170.0;6270.0;901.0;1247.0;-5.0;-21.0;22.0;-92.0;GASOLINE
1750.0;2710.0;4130.0;6140.0;886.0;1206.0;1790.0;2710.0;4100.0;6050.0;860.0;1170.0;-4.0;-21.0;20.0;-96.0;GASOLINE
1650.0;2510.0;3820.0;5630.0;811.0;1114.0;1700.0;2580.0;3850.0;5600.0;813.0;1124.0;-7.0;-21.0;20.0;-96.0;GASOLINE
1570.0;2420.0;3650.0;5430.0;787.0;1089.0;1650.0;2480.0;3720.0;5490.0;780.0;1081.0;-7.0;-21.0;20.0;-96.0;GASOLINE
1510.0;2340.0;3590.0;5300.0;757.0;1044.0;1520.0;2320.0;3460.0;5110.0;743.0;1028.0;-6.0;-21.0;25.0;-94.0;GASOLINE
1420.0;2170.0;3290.0;4810.0;692.0;977.0;1480.0;2240.0;3310.0;4920.0;696.0;952.0;-6.0;-18.0;16.0;-94.0;GASOLINE
1290.0;1980.0;2950.0;4400.0;628.0;872.0;1350.0;2070.0;3080.0;4480.0;640.0;875.0;-6.0;-18.0;15.0;-92.0;GASOLINE
1210.0;1860.0;2770.0;4150.0;591.0;827.0;1340.0;1980.0;2900.0;4270.0;614.0;853.0;-3.0;-20.0;21.0;-92.0;GASOLINE
1190.0;1790.0;2730.0;4030.0;578.0;789.0;1240.0;1840.0;2720.0;3960.0;573.0;799.0;-3.0;-20.0;26.0;-92.0;GASOLINE
1130.0;1710.0;2580.0;3780.0;545.0;741.0;1180.0;1790.0;2640.0;3930.0;556.0;745.0;-4.0;-21.0;20.0;-94.0;GASOLINE
1090.0;1670.0;2550.0;3690.0;518.0;712.0;1190.0;1780.0;2620.0;3860.0;537.0;703.0;-3.0;-21.0;15.0;-93.0;GASOLINE
1050.0;1610.0;2390.0;3520.0;488.0;683.0;1150.0;1720.0;2550.0;3590.0;520.0;687.0;-4.0;-20.0;15.0;-94.0;GASOLINE
1080.0;1640.0;2440.0;3600.0;516.0;689.0;1110.0;1680.0;2440.0;3540.0;502.0;693.0;-12.0;-22.0;22.0;-94.0;GASOLINE
1090.0;1650.0;2460.0;3570.0;516.0;687.0;1100.0;1650.0;2480.0;3640.0;518.0;694.0;-12.0;-23.0;10.0;-93.0;GASOLINE
1070.0;1610.0;2440.0;3520.0;494.0;672.0;1120.0;1660.0;2420.0;3540.0;486.0;673.0;-12.0;-21.0;12.0;-88.0;GASOLINE
1030.0;1570.0;2290.0;3340.0;472.0;630.0;1050.0;1520.0;2270.0;3310.0;467.0;647.0;-12.0;-21.0;22.0;-88.0;GASOLINE
970.0;1460.0;2200.0;3320.0;479.0;667.0;1040.0;1620.0;2360.0;3510.0;500.0;688.0;-10.0;-21.0;27.0;-88.0;GASOLINE
1050.0;1630.0;2460.0;3690.0;538.0;726.0;1140.0;1700.0;2550.0;3760.0;522.0;714.0;-6.0;-20.0;25.0;-88.0;GASOLINE
1050.0;1590.0;2420.0;3580.0;515.0;707.0;1110.0;1680.0;2540.0;3700.0;516.0;715.0;-1.0;-20.0;16.0;-88.0;GASOLINE
990.0;1510.0;2290.0;3390.0;499.0;686.0;1100.0;1680.0;2450.0;3590.0;506.0;724.0;-6.0;-16.0;24.0;-90.0;GASOLINE
1090.0;1720.0;2610.0;3860.0;556.0;758.0;1130.0;1740.0;2590.0;3820.0;542.0;755.0;-6.0;-16.0;17.0;-91.0;GASOLINE
1000.0;1580.0;2390.0;3620.0;520.0;729.0;1080.0;1660.0;2420.0;3550.0;513.0;708.0;-6.0;-17.0;20.0;-93.0;GASOLINE
940.0;1460.0;2180.0;3270.0;468.0;643.0;1010.0;1520.0;2270.0;3350.0;463.0;660.0;-8.0;-17.0;23.0;-93.0;GASOLINE
1030.0;1580.0;2410.0;3570.0;515.0;697.0;1020.0;1570.0;2330.0;3530.0;507.0;711.0;-9.0;-13.0;14.0;-93.0;GASOLINE
1020.0;1600.0;2430.0;3600.0;528.0;703.0;1100.0;1660.0;2470.0;3550.0;515.0;702.0;-11.0;-17.0;16.0;-93.0;GASOLINE
950.0;1460.0;2200.0;3270.0;476.0;668.0;1050.0;1590.0;2270.0;3310.0;471.0;643.0;-12.0;-13.0;8.0;-93.0;GASOLINE
790.0;1200.0;1810.0;2610.0;385.0;546.0;860.0;1270.0;1860.0;2740.0;388.0;541.0;-11.0;-13.0;7.0;-93.0;GASOLINE
700.0;1050.0;1550.0;2240.0;318.0;439.0;800.0;1190.0;1710.0;2470.0;339.0;448.0;-16.0;-17.0;9.0;-93.0;GASOLINE
590.0;900.0;1260.0;1830.0;263.0;373.0;690.0;1010.0;1420.0;2000.0;290.0;382.0;-16.0;-18.0;11.0;-91.0;GASOLINE
580.0;870.0;1270.0;1740.0;241.0;350.0;670.0;1000.0;1430.0;2020.0;278.0;359.0;-11.0;-18.0;8.0;-87.0;GASOLINE
640.0;950.0;1380.0;1870.0;273.0;373.0;730.0;1060.0;1490.0;2160.0;290.0;387.0;-11.0;-18.0;15.0;-88.0;GASOLINE
660.0;1030.0;1490.0;2080.0;294.0;399.0;680.0;1050.0;1520.0;2120.0;298.0;409.0;-10.0;-18.0;15.0;-87.0;GASOLINE
660.0;1030.0;1500.0;2100.0;299.0;396.0;660.0;1000.0;1430.0;1990.0;285.0;364.0;-10.0;-14.0;17.0;-87.0;GASOLINE
520.0;780.0;1090.0;1520.0;211.0;306.0;580.0;860.0;1200.0;1670.0;235.0;333.0;-12.0;-14.0;20.0;-88.0;GASOLINE
480.0;710.0;1000.0;1470.0;210.0;293.0;630.0;910.0;1230.0;1630.0;232.0;319.0;-14.0;-15.0;15.0;-89.0;GASOLINE
400.0;610.0;830.0;1110.0;150.0;224.0;500.0;740.0;990.0;1380.0;179.0;212.0;-12.0;-16.0;17.0;-93.0;GASOLINE
340.0;480.0;610.0;730.0;96.0;139.0;400.0;580.0;720.0;970.0;123.0;151.0;-13.0;-16.0;14.0;-93.0;GASOLINE
260.0;370.0;470.0;520.0;56.0;95.0;350.0;510.0;610.0;730.0;89.0;100.0;-13.0;-16.0;16.0;-92.0;GASOLINE
220.0;290.0;380.0;310.0;35.0;44.0;290.0;390.0;450.0;500.0;48.0;49.0;-7.0;-16.0;18.0;-89.0;GASOLINE
140.0;150.0;140.0;-20.0;-9.0;-26.0;240.0;300.0;300.0;300.0;6.0;-21.0;-7.0;-16.0;24.0;-92.0;GASOLINE
110.0;120.0;80.0;-130.0;-32.0;-50.0;210.0;280.0;250.0;140.0;-11.0;-53.0;-8.0;-17.0;18.0;-92.0;GASOLINE
90.0;100.0;50.0;-150.0;-36.0;-62.0;200.0;260.0;240.0;40.0;-14.0;-53.0;-7.0;-18.0;21.0;-91.0;GASOLINE
90.0;110.0;20.0;-160.0;-42.0;-77.0;170.0;180.0;120.0;-60.0;-33.0;-54.0;-8.0;-18.0;19.0;-91.0;GASOLINE
120.0;100.0;20.0;-170.0;-42.0;-88.0;140.0;150.0;70.0;-90.0;-36.0;-59.0;-9.0;-18.0;22.0;-91.0;GASOLINE
50.0;40.0;-60.0;-280.0;-58.0;-95.0;120.0;120.0;70.0;-120.0;-37.0;-79.0;-10.0;-18.0;19.0;-90.0;GASOLINE
-50.0;-70.0;-40.0;-90.0;-11.0;-8.0;-20.0;0.0;70.0;230.0;23.0;40.0;-9.0;-3.0;-2.0;2.0;GASOLINE
-10.0;20.0;10.0;70.0;16.0;12.0;-10.0;20.0;70.0;340.0;35.0;56.0;-9.0;-3.0;-2.0;2.0;GASOLINE
-10.0;30.0;90.0;140.0;11.0;30.0;30.0;60.0;150.0;340.0;30.0;56.0;-9.0;-2.0;-4.0;1.0;GASOLINE
70.0;100.0;200.0;230.0;34.0;31.0;40.0;20.0;70.0;110.0;15.0;19.0;12.0;2.0;8.0;1.0;GASOLINE
100.0;130.0;220.0;380.0;44.0;59.0;40.0;40.0;70.0;80.0;12.0;33.0;8.0;1.0;7.0;5.0;GASOLINE
70.0;130.0;240.0;380.0;53.0;78.0;70.0;80.0;180.0;320.0;33.0;56.0;3.0;3.0;3.0;5.0;GASOLINE
80.0;140.0;270.0;500.0;70.0;106.0;70.0;80.0;150.0;320.0;56.0;107.0;0.0;1.0;3.0;5.0;GASOLINE
180.0;300.0;530.0;870.0;131.0;173.0;140.0;220.0;460.0;750.0;114.0;177.0;3.0;3.0;9.0;5.0;GASOLINE
130.0;230.0;460.0;850.0;138.0;224.0;170.0;290.0;530.0;1010.0;152.0;232.0;3.0;-2.0;5.0;4.0;GASOLINE
270.0;450.0;780.0;1400.0;225.0;333.0;260.0;400.0;780.0;1330.0;221.0;338.0;13.0;-6.0;5.0;1.0;GASOLINE
350.0;580.0;1000.0;1750.0;275.0;412.0;320.0;500.0;900.0;1520.0;248.0;379.0;13.0;-6.0;5.0;4.0;GASOLINE
400.0;660.0;1160.0;1950.0;301.0;427.0;310.0;500.0;960.0;1620.0;265.0;397.0;13.0;2.0;5.0;5.0;GASOLINE
400.0;660.0;1150.0;1870.0;293.0;417.0;330.0;520.0;940.0;1510.0;225.0;351.0;8.0;3.0;5.0;6.0;GASOLINE
260.0;410.0;750.0;1280.0;193.0;302.0;210.0;350.0;650.0;1180.0;175.0;270.0;14.0;2.0;3.0;5.0;GASOLINE
220.0;390.0;720.0;1160.0;188.0;289.0;230.0;350.0;630.0;990.0;159.0;254.0;8.0;7.0;3.0;1.0;GASOLINE
210.0;360.0;630.0;1120.0;179.0;271.0;180.0;300.0;610.0;1040.0;156.0;254.0;8.0;6.0;5.0;0.0;GASOLINE
190.0;340.0;650.0;1080.0;172.0;267.0;200.0;310.0;600.0;980.0;154.0;237.0;8.0;4.0;2.0;0.0;GASOLINE
190.0;330.0;570.0;1020.0;171.0;268.0;170.0;280.0;590.0;1030.0;161.0;244.0;9.0;4.0;2.0;1.0;GASOLINE
210.0;350.0;630.0;1170.0;181.0;285.0;180.0;300.0;570.0;1060.0;179.0;280.0;4.0;2.0;1.0;1.0;GASOLINE
240.0;410.0;740.0;1250.0;188.0;303.0;190.0;320.0;550.0;980.0;162.0;266.0;6.0;4.0;9.0;6.0;GASOLINE
120.0;210.0;430.0;500.0;98.0;196.0;100.0;130.0;350.0;610.0;109.0;173.0;4.0;5.0;7.0;7.0;GASOLINE
120.0;210.0;430.0;770.0;126.0;165.0;110.0;170.0;400.0;640.0;103.0;171.0;4.0;5.0;7.0;2.0;GASOLINE
120.0;210.0;430.0;770.0;126.0;210.0;100.0;150.0;370.0;730.0;124.0;211.0;4.0;5.0;4.0;2.0;GASOLINE
190.0;340.0;670.0;1210.0;193.0;302.0;210.0;360.0;680.0;1180.0;189.0;304.0;6.0;1.0;7.0;0.0;GASOLINE
280.0;470.0;880.0;1470.0;243.0;375.0;230.0;400.0;740.0;1280.0;214.0;338.0;8.0;1.0;8.0;0.0;GASOLINE
270.0;480.0;870.0;1530.0;250.0;373.0;210.0;370.0;730.0;1280.0;215.0;325.0;6.0;1.0;8.0;-1.0;GASOLINE
260.0;460.0;820.0;1430.0;232.0;339.0;210.0;370.0;690.0;1210.0;198.0;311.0;12.0;6.0;13.0;-1.0;GASOLINE
230.0;390.0;720.0;1200.0;191.0;299.0;200.0;340.0;520.0;990.0;169.0;259.0;5.0;6.0;7.0;-1.0;GASOLINE
190.0;340.0;610.0;1070.0;171.0;276.0;160.0;290.0;560.0;970.0;160.0;253.0;7.0;4.0;7.0;-1.0;GASOLINE
190.0;330.0;630.0;1130.0;184.0;297.0;200.0;340.0;690.0;1170.0;182.0;286.0;7.0;4.0;4.0;-1.0;GASOLINE
190.0;360.0;710.0;1350.0;226.0;360.0;180.0;310.0;690.0;1280.0;211.0;356.0;7.0;4.0;4.0;6.0;GASOLINE
310.0;530.0;980.0;1670.0;270.0;429.0;270.0;450.0;830.0;1610.0;267.0;410.0;7.0;1.0;0.0;5.0;GASOLINE
340.0;610.0;1100.0;1910.0;307.0;472.0;290.0;500.0;1000.0;1730.0;277.0;447.0;11.0;1.0;0.0;8.0;GASOLINE
350.0;620.0;1120.0;1880.0;313.0;475.0;340.0;600.0;1100.0;2000.0;297.0;447.0;8.0;3.0;11.0;5.0;GASOLINE
380.0;650.0;1170.0;1990.0;325.0;492.0;290.0;520.0;990.0;1800.0;294.0;470.0;6.0;1.0;11.0;3.0;GASOLINE
410.0;690.0;1260.0;2180.0;351.0;521.0;300.0;540.0;1050.0;1860.0;319.0;493.0;6.0;0.0;13.0;3.0;GASOLINE
420.0;730.0;1240.0;2200.0;361.0;534.0;340.0;550.0;1060.0;1910.0;308.0;506.0;6.0;3.0;10.0;5.0;GASOLINE
390.0;690.0;1210.0;2160.0;340.0;522.0;370.0;630.0;1170.0;2060.0;313.0;488.0;9.0;4.0;10.0;8.0;GASOLINE
400.0;730.0;1290.0;2230.0;366.0;546.0;400.0;690.0;1230.0;2140.0;327.0;513.0;6.0;6.0;10.0;5.0;GASOLINE
420.0;720.0;1310.0;2170.0;364.0;538.0;370.0;610.0;1200.0;2080.0;334.0;512.0;9.0;5.0;12.0;5.0;GASOLINE
450.0;790.0;1370.0;2340.0;371.0;572.0;390.0;700.0;1270.0;2170.0;349.0;530.0;5.0;3.0;7.0;5.0;GASOLINE
550.0;930.0;1600.0;2670.0;420.0;615.0;370.0;660.0;1250.0;2280.0;375.0;573.0;5.0;1.0;4.0;5.0;GASOLINE
540.0;960.0;1670.0;2750.0;436.0;644.0;420.0;710.0;1290.0;2250.0;380.0;587.0;5.0;1.0;0.0;5.0;GASOLINE
490.0;860.0;1510.0;2570.0;411.0;620.0;380.0;680.0;1330.0;2340.0;363.0;565.0;3.0;1.0;0.0;5.0;GASOLINE
470.0;810.0;1480.0;2520.0;403.0;607.0;440.0;740.0;1330.0;2330.0;379.0;587.0;5.0;7.0;4.0;3.0;GASOLINE
540.0;950.0;1640.0;2850.0;441.0;647.0;380.0;690.0;1300.0;2330.0;388.0;606.0;3.0;6.0;8.0;3.0;GASOLINE
520.0;890.0;1590.0;2680.0;433.0;630.0;480.0;790.0;1450.0;2440.0;394.0;588.0;4.0;12.0;12.0;2.0;GASOLINE
500.0;860.0;1510.0;2560.0;409.0;616.0;400.0;700.0;1320.0;2280.0;371.0;572.0;9.0;2.0;14.0;3.0;GASOLINE
470.0;820.0;1470.0;2500.0;404.0;614.0;380.0;670.0;1290.0;2310.0;371.0;588.0;9.0;2.0;11.0;2.0;GASOLINE
520.0;920.0;1650.0;2800.0;447.0;674.0;470.0;790.0;1520.0;2640.0;424.0;645.0;8.0;1.0;5.0;2.0;GASOLINE
590.0;1020.0;1820.0;3020.0;488.0;718.0;510.0;920.0;1630.0;2800.0;445.0;681.0;8.0;1.0;4.0;2.0;GASOLINE
560.0;970.0;1680.0;2870.0;458.0;699.0;500.0;840.0;1580.0;2720.0;433.0;663.0;5.0;1.0;5.0;2.0;GASOLINE
480.0;860.0;1530.0;2660.0;440.0;679.0;450.0;780.0;1470.0;2560.0;426.0;659.0;5.0;6.0;3.0;7.0;GASOLINE
590.0;1010.0;1760.0;3040.0;486.0;711.0;480.0;830.0;1540.0;2700.0;441.0;675.0;5.0;7.0;3.0;4.0;GASOLINE
660.0;1110.0;1950.0;3250.0;513.0;752.0;500.0;880.0;1630.0;2850.0;461.0;698.0;11.0;6.0;3.0;4.0;GASOLINE
650.0;1140.0;1870.0;3240.0;505.0;750.0;550.0;960.0;1770.0;2950.0;474.0;716.0;12.0;-3.0;5.0;4.0;GASOLINE
600.0;1020.0;1790.0;3120.0;486.0;736.0;560.0;970.0;1690.0;2850.0;439.0;696.0;17.0;-3.0;5.0;2.0;GASOLINE
540.0;950.0;1650.0;2870.0;465.0;685.0;510.0;900.0;1640.0;2820.0;445.0;665.0;12.0;3.0;5.0;2.0;GASOLINE
600.0;1030.0;1810.0;2980.0;480.0;706.0;470.0;830.0;1540.0;2700.0;447.0;660.0;10.0;5.0;8.0;4.0;GASOLINE
540.0;950.0;1650.0;2870.0;465.0;685.0;510.0;900.0;1640.0;2820.0;445.0;665.0;5.0;3.0;6.0;4.0;GASOLINE
580.0;1020.0;1780.0;3050.0;482.0;706.0;490.0;830.0;1560.0;2790.0;445.0;669.0;13.0;5.0;5.0;4.0;GASOLINE
640.0;1080.0;1900.0;3200.0;487.0;734.0;460.0;810.0;1550.0;2610.0;435.0;681.0;9.0;-6.0;7.0;3.0;GASOLINE
